"source_csv","match_key","match_value","secondary_key","secondary_value","used_in_surface","text_column","text_type","current_text","??o????","operator_note"
"term_dictionary_normalized.csv","term_id","integratedCancer","term_label","?????","bottom_sheet|inline_highlight","term_label","????","?????","","rider_catalog?? minor_category=?????? ???? ???"
"term_dictionary_normalized.csv","term_id","integratedCancer","term_label","?????","bottom_sheet|inline_highlight","aliases_csv","????","?????","","rider_catalog?? minor_category=?????? ???? ???"
"term_dictionary_normalized.csv","term_id","integratedCancer","term_label","?????","bottom_sheet|inline_highlight","plain_summary","????","?? ?????? ??????? ???? ???????? ??? ?????? ???? ?? ??? ????????.","?? ?????? ??????? ???? ????? ??? ?????? ???? ?? ??? ????????.","rider_catalog?? minor_category=?????? ???? ???"
"term_dictionary_normalized.csv","term_id","integratedCancer","term_label","?????","bottom_sheet|inline_highlight","why_it_matters","????","o?? ?? ???? ?????? ????? ??? ??????? ???? ??? ?? ?????? ?????? ??? ???? ??????? ?? ?? ??????.","?? ?????? ?????? ????? ???, ??????? ??? ?? ?????? ???? ??? ?????? ???? ?? ????.","rider_catalog?? minor_category=?????? ???? ???"
"term_dictionary_normalized.csv","term_id","integratedCancer","term_label","?????","bottom_sheet|inline_highlight","fit_case","????","?? ???? ??????? ?? ?????? ???? ???? ????? ??? ???? ???? ??? ?????? ?? ??????.","?? ???? ??????? ?? ?????? ???? ????? ???? ???? ???? ?? ???�X?? ?????.","rider_catalog?? minor_category=?????? ???? ???"
"term_dictionary_normalized.csv","term_id","integratedCancer","term_label","?????","bottom_sheet|inline_highlight","caution","????","???? ?? ???????? ??????? ???? ???????? ??? ?????? ???????. ???? ????? ???? ??????? ?? ????.","???? ?? ????????, ??????? ???? ???????? ??? ?????? ?????. ???? ????? ???? ??????? ??? ?? ?????.","rider_catalog?? minor_category=?????? ???? ???"
"term_dictionary_normalized.csv","term_id","integratedCancer","term_label","?????","bottom_sheet|inline_highlight","detail_example","????","??: ???? ???? ?? ????? ??? ?????? ?????? ??? ?? ?????? ??? ????? ?? ??????.","???? ??? ???? ???? ?? ????? ??? ?????? ??????, ??? ?? ?????? ???? ??? ????? ?? ????.","rider_catalog?? minor_category=?????? ???? ???"
"term_dictionary_normalized.csv","term_id","integratedCancer","term_label","?????","bottom_sheet|inline_highlight","compare_target_ids_csv","????","integratedCancer-vs-generalCancer","","rider_catalog?? minor_category=?????? ???? ???"
"term_dictionary_normalized.csv","term_id","integratedCancer","term_label","?????","bottom_sheet|inline_highlight","legal_notice","???????????","????? ?????? ????? ?? ????? ?????.","","rider_catalog?? minor_category=?????? ???? ???"
"term_dictionary_normalized.csv","term_id","smallCancer","term_label","????","bottom_sheet|inline_highlight","term_label","????","????","","rider_catalog?? ???? ???? ???? minor_category?? ???"
"term_dictionary_normalized.csv","term_id","smallCancer","term_label","????","bottom_sheet|inline_highlight","aliases_csv","????","????|???????","","rider_catalog?? ???? ???? ???? minor_category?? ???"
"term_dictionary_normalized.csv","term_id","smallCancer","term_label","????","bottom_sheet|inline_highlight","plain_summary","????","?????? ??? ?????o?? ????? ???? ???? ?????? ?��??? ??????.","????????? ??? ?????o??, ??????? ???? ???? ????? ?��???? ???????.","rider_catalog?? ???? ???? ???? minor_category?? ???"
"term_dictionary_normalized.csv","term_id","smallCancer","term_label","????","bottom_sheet|inline_highlight","why_it_matters","????","????? ???? ?????? ??? ?????? ??? ?? ??? ???? ?? ????o?? ?????? ???? ?????? ????? ?? ??????.","????? ???? ?????? ??? ?????? ???, ????? ?????? ???? ???? ?????? ??? ?? ????.","rider_catalog?? ???? ???? ???? minor_category?? ???"
"term_dictionary_normalized.csv","term_id","smallCancer","term_label","????","bottom_sheet|inline_highlight","fit_case","????","????? ?????? ??? ???? ?? ??? ?????? ??????? ?????? ???? ??? ?????? ????.","????? ?????? ???? ???? ?? ?? ?????? ??????? ?????? ???? ???? ???? ?????.","rider_catalog?? ???? ???? ???? minor_category?? ???"
"term_dictionary_normalized.csv","term_id","smallCancer","term_label","????","bottom_sheet|inline_highlight","caution","????","?? ???? ????? ????????? ????? ????? ???? ??? ?? ??????.","?? ???? ???????? ???????? ????? ????? ???? ????? ?? ????.","rider_catalog?? ???? ???? ???? minor_category?? ???"
"term_dictionary_normalized.csv","term_id","smallCancer","term_label","????","bottom_sheet|inline_highlight","detail_example","????","??: ?????? ??? ??��? ??? ????? ???? ????? ?????? ???? ??�� ??????.","???? ??? ??????, ??? ??��?, ??? ????? ???? ????? ?????? ???? ??�� ????.","rider_catalog?? ???? ???? ???? minor_category?? ???"
"term_dictionary_normalized.csv","term_id","smallCancer","term_label","????","bottom_sheet|inline_highlight","compare_target_ids_csv","????","smallCancer-vs-generalCancer","","rider_catalog?? ???? ???? ???? minor_category?? ???"
"term_dictionary_normalized.csv","term_id","smallCancer","term_label","????","bottom_sheet|inline_highlight","legal_notice","???????????","????? ?????? ????? ?? ????? ?????.","","rider_catalog?? ???? ???? ???? minor_category?? ???"
"term_dictionary_normalized.csv","term_id","generalCancer","term_label","????","bottom_sheet|inline_highlight","term_label","????","????","","rider_catalog?? minor_category=????? ???? ???"
"term_dictionary_normalized.csv","term_id","generalCancer","term_label","????","bottom_sheet|inline_highlight","aliases_csv","????","????","","rider_catalog?? minor_category=????? ???? ???"
"term_dictionary_normalized.csv","term_id","generalCancer","term_label","????","bottom_sheet|inline_highlight","plain_summary","????","?? ???? ?? ???? ???? ??? 1??? ???? ????????.","?? ???? ?? ???? ???? ??? 1??? ???? ?????????.","rider_catalog?? minor_category=????? ???? ???"
"term_dictionary_normalized.csv","term_id","generalCancer","term_label","????","bottom_sheet|inline_highlight","why_it_matters","????","??? ?? ???? ????? ?? ?? ?????? ?????? ?? ???????? ????? ???? ?? ???? ??? ?????.","??? ?? ?????? ?? ?? ???????? ???, ???????? ????? ???? ?? ???? ???? ????.","rider_catalog?? minor_category=????? ???? ???"
"term_dictionary_normalized.csv","term_id","generalCancer","term_label","????","bottom_sheet|inline_highlight","fit_case","????","?????? ???????? ?? ???? ?????? ???? ??????? ???? ??? ??????? ????.","?????? ???????? ?? ???? ??????? ??????? ???? ?? ????????? ???? ?????.","rider_catalog?? minor_category=????? ???? ???"
"term_dictionary_normalized.csv","term_id","generalCancer","term_label","????","bottom_sheet|inline_highlight","caution","????","???? 1? ???????? ?? ???????? ??? ???????? ???��? ?????? ??????.","???? 1? ????????, ?? ???????? ??? ?????????? ?????? ????.","rider_catalog?? minor_category=????? ???? ???"
"term_dictionary_normalized.csv","term_id","generalCancer","term_label","????","bottom_sheet|inline_highlight","detail_example","????","??: ?????? ?? ???? ?? 1? ???? ?????? ???o?? ??�� ???????.","???? ??? ?????? ?? ???? ?? 1? ???? ?????? ???o?? ??�� ?????.","rider_catalog?? minor_category=????? ???? ???"
"term_dictionary_normalized.csv","term_id","generalCancer","term_label","????","bottom_sheet|inline_highlight","compare_target_ids_csv","????","integratedCancer-vs-generalCancer","","rider_catalog?? minor_category=????? ???? ???"
"term_dictionary_normalized.csv","term_id","generalCancer","term_label","????","bottom_sheet|inline_highlight","legal_notice","???????????","????? ?????? ????? ?? ????? ?????.","","rider_catalog?? minor_category=????? ???? ???"
"term_dictionary_normalized.csv","term_id","nonCovered","term_label","????","bottom_sheet|inline_highlight","term_label","????","????","","rider_catalog?? ???? ???? minor_category?? ???"
"term_dictionary_normalized.csv","term_id","nonCovered","term_label","????","bottom_sheet|inline_highlight","aliases_csv","????","????","","rider_catalog?? ???? ???? minor_category?? ???"
"term_dictionary_normalized.csv","term_id","nonCovered","term_label","????","bottom_sheet|inline_highlight","plain_summary","????","???????????? ??????? ??? ??? ??????.","?????? ???????????? ??????? ??? ?????.","rider_catalog?? ???? ???? minor_category?? ???"
"term_dictionary_normalized.csv","term_id","nonCovered","term_label","????","bottom_sheet|inline_highlight","why_it_matters","????","???? ???? ????????? ?????????? ???? ???? ???? ?��??? ??? ????? ?? ??????.","???? ???? ??????? ???? ???��? ???? ???? ???? ?��??? ??? ????? ?? ????.","rider_catalog?? ???? ???? minor_category?? ???"
"term_dictionary_normalized.csv","term_id","nonCovered","term_label","????","bottom_sheet|inline_highlight","fit_case","????","???? ?��? ???????? ?????? ???? ???? ??? ???? ???? ???��? ??? ???�X?? ????.","???? ?��???? ???? ???? ???? ???? ???? ???��? ??? ???? ?????.","rider_catalog?? ???? ???? minor_category?? ???"
"term_dictionary_normalized.csv","term_id","nonCovered","term_label","????","bottom_sheet|inline_highlight","caution","????","?????? ??? ?????? ???? ???? ?? ???? ??? ???? ???????? ???????? ??? ?????? ???????.","??????? ??? ??? ?????? ?? ??????. ?? ???? ???? ???????? ???????? ????? ???? ?????? ???.","rider_catalog?? ???? ???? minor_category?? ???"
"term_dictionary_normalized.csv","term_id","nonCovered","term_label","????","bottom_sheet|inline_highlight","detail_example","????","??: ??????? ????? ????? ?????? ??? ???? ???���??? ?? ???? ??????.","???? ??? ??????? ????? ????? ?????? ??? ???? ???���??? ?? ???? ?????.","rider_catalog?? ???? ???? minor_category?? ???"
"term_dictionary_normalized.csv","term_id","nonCovered","term_label","????","bottom_sheet|inline_highlight","compare_target_ids_csv","????","integratedTreatment-vs-nonCoveredTreatment","","rider_catalog?? ???? ???? minor_category?? ???"
"term_dictionary_normalized.csv","term_id","nonCovered","term_label","????","bottom_sheet|inline_highlight","legal_notice","???????????","????? ?????? ????? ?? ????? ?????.","","rider_catalog?? ???? ???? minor_category?? ???"
"term_dictionary_normalized.csv","term_id","tertiaryHospital","term_label","??????????","bottom_sheet|inline_highlight","term_label","????","??????????","","rider_catalog?? ?????? minor_category?? ???"
"term_dictionary_normalized.csv","term_id","tertiaryHospital","term_label","??????????","bottom_sheet|inline_highlight","aliases_csv","????","??????????|??????","","rider_catalog?? ?????? minor_category?? ???"
"term_dictionary_normalized.csv","term_id","tertiaryHospital","term_label","??????????","bottom_sheet|inline_highlight","plain_summary","????","???? ????? ???? ?????????????? ?????? ?????????? ??? ??????.","?????????????? ?��??? ???????? ???? ??? ???? ???? ?????????.","rider_catalog?? ?????? minor_category?? ???"
"term_dictionary_normalized.csv","term_id","tertiaryHospital","term_label","??????????","bottom_sheet|inline_highlight","why_it_matters","????","???? ?? ??? ??????? ?????????? ?????? ?????? ???? ?????? ?????? ?? ??????.","???? ???? ???? ?????? ?????? ???? ????? ????? ?? ????.","rider_catalog?? ?????? minor_category?? ???"
"term_dictionary_normalized.csv","term_id","tertiaryHospital","term_label","??????????","bottom_sheet|inline_highlight","fit_case","????","??? ??? ???? ?????????? ???? ??????? ??????? ???? ?????? ?????? ???? ??? ?? ?? ??????.","??? ?????? ???? ??? ???????? ????????? ???? ???? ???? ?? ????? ???? ?????.","rider_catalog?? ?????? minor_category?? ???"
"term_dictionary_normalized.csv","term_id","tertiaryHospital","term_label","??????????","bottom_sheet|inline_highlight","caution","????","????? ? ???????? ???? ???? ???? ???????? ????? ???????.","????? ? ???????? ???? ???????? ???? ????. ?????????? ?????? ??? ?????? ?????.","rider_catalog?? ?????? minor_category?? ???"
"term_dictionary_normalized.csv","term_id","tertiaryHospital","term_label","??????????","bottom_sheet|inline_highlight","detail_example","????","??: ?????��?? ?��?????? ????��??o?? ?????????????? ?????? ?????? ??????.","???? ??? ?????��????? ?��??????o?? ?????????????? ?��??? ???? ???? ?? ????.","rider_catalog?? ?????? minor_category?? ???"
"term_dictionary_normalized.csv","term_id","tertiaryHospital","term_label","??????????","bottom_sheet|inline_highlight","compare_target_ids_csv","????","treatment-vs-tertiaryTreatment","","rider_catalog?? ?????? minor_category?? ???"
"term_dictionary_normalized.csv","term_id","tertiaryHospital","term_label","??????????","bottom_sheet|inline_highlight","legal_notice","???????????","????? ?????? ????? ?? ????? ?????.","","rider_catalog?? ?????? minor_category?? ???"
"term_dictionary_normalized.csv","term_id","directTreatment","term_label","???????","bottom_sheet|inline_highlight","term_label","????","???????","","rider_catalog?? ??????? ???? minor_category??? ???"
"term_dictionary_normalized.csv","term_id","directTreatment","term_label","???????","bottom_sheet|inline_highlight","aliases_csv","????","???????","","rider_catalog?? ??????? ???? minor_category??? ???"
"term_dictionary_normalized.csv","term_id","directTreatment","term_label","???????","bottom_sheet|inline_highlight","plain_summary","????","???? ???? ?????? ???? ???? ??? ????? ???? ??????.","???????? ???? ???? ?????? ????? ???? ??? ???? ???? ?????????.","rider_catalog?? ??????? ???? minor_category??? ???"
"term_dictionary_normalized.csv","term_id","directTreatment","term_label","???????","bottom_sheet|inline_highlight","why_it_matters","????","??? ??? ???? ?????? ?????? ???? ??? ???? ??????? ?????? ???? ?????? ???? ?????? ????? ?? ??????.","??? ??? ??? ????????, ???? ???? ???? ??? ????? ??? ???????? ?????? ?? ????.","rider_catalog?? ??????? ???? minor_category??? ???"
"term_dictionary_normalized.csv","term_id","directTreatment","term_label","???????","bottom_sheet|inline_highlight","fit_case","????","???? ???? ?? ??? ???? ????? ??????? ?????? ???? ??? ?????? ????.","???? ???? ?? ??? ???????? ???? ???? ???? ?? ???? ???? ?????.","rider_catalog?? ??????? ???? minor_category??? ???"
"term_dictionary_normalized.csv","term_id","directTreatment","term_label","???????","bottom_sheet|inline_highlight","caution","????","?? ?????? ??????? ?????????? ????? ???? ???? ?????? ???????.","?? ?????? ???????? ???????? ??? ?????? ?????.","rider_catalog?? ??????? ???? minor_category??? ???"
"term_dictionary_normalized.csv","term_id","directTreatment","term_label","???????","bottom_sheet|inline_highlight","detail_example","????","??: ???? ??????? ????????? ??????? ????? ???o?? ??�� ???????.","???? ??? ????, ???????, ????????o?? ??? ?????? ?��??? ????? ???? ??? ?? ????.","rider_catalog?? ??????? ???? minor_category??? ???"
"term_dictionary_normalized.csv","term_id","directTreatment","term_label","???????","bottom_sheet|inline_highlight","compare_target_ids_csv","????","integratedTreatment-vs-directTreatment","","rider_catalog?? ??????? ???? minor_category??? ???"
"term_dictionary_normalized.csv","term_id","directTreatment","term_label","???????","bottom_sheet|inline_highlight","legal_notice","???????????","????? ?????? ????? ?? ????? ?????.","","rider_catalog?? ??????? ???? minor_category??? ???"
"term_dictionary_normalized.csv","term_id","antiCancerDrug","term_label","???????","bottom_sheet|inline_highlight","term_label","????","???????","","rider_catalog?? minor_category=??? ?? ???? ???? ???"
"term_dictionary_normalized.csv","term_id","antiCancerDrug","term_label","???????","bottom_sheet|inline_highlight","aliases_csv","????","???????|??? ?? ???","","rider_catalog?? minor_category=??? ?? ???? ???? ???"
"term_dictionary_normalized.csv","term_id","antiCancerDrug","term_label","???????","bottom_sheet|inline_highlight","plain_summary","????","???? ???? ?????? ???? ???? ??????? ???????.","??????? ???? ???? ?????????.","rider_catalog?? minor_category=??? ?? ???? ???? ???"
"term_dictionary_normalized.csv","term_id","antiCancerDrug","term_label","???????","bottom_sheet|inline_highlight","why_it_matters","????","??????? ??? ??? ???????? ???? 1? ?????????? ???? ?? ??????? ????????.","??????? ??u?? ????, ????? ???? ???? ???????? ?????? ?? ????.","rider_catalog?? minor_category=??? ?? ???? ???? ???"
"term_dictionary_normalized.csv","term_id","antiCancerDrug","term_label","???????","bottom_sheet|inline_highlight","fit_case","????","??? ??? ????? ???? ???? ???????? ???? ??? ??? ???? ???????? ?????? ???? ??? ????????.","??? ??? ????? ????? ???�� ???? ?????? ???? ?? ???�X?? ?????.","rider_catalog?? minor_category=??? ?? ???? ???? ???"
"term_dictionary_normalized.csv","term_id","antiCancerDrug","term_label","???????","bottom_sheet|inline_highlight","caution","????","?? ???? ?? ????? ?????????? ??? ?????? ???????.","?? ????? ????????? ??? ?????? ?????.","rider_catalog?? minor_category=??? ?? ???? ???? ???"
"term_dictionary_normalized.csv","term_id","antiCancerDrug","term_label","???????","bottom_sheet|inline_highlight","detail_example","????","??: ??? ??? ?? ??????? ???? ???? ??? ???????? ???? ???? ?? ??????.","???? ??? ??????? ??????? ??? ???? ??? ?? ????.","rider_catalog?? minor_category=??? ?? ???? ???? ???"
"term_dictionary_normalized.csv","term_id","antiCancerDrug","term_label","???????","bottom_sheet|inline_highlight","compare_target_ids_csv","????","directTreatment-vs-drugRadiation","","rider_catalog?? minor_category=??? ?? ???? ???? ???"
"term_dictionary_normalized.csv","term_id","antiCancerDrug","term_label","???????","bottom_sheet|inline_highlight","legal_notice","???????????","????? ?????? ????? ?? ????? ?????.","","rider_catalog?? minor_category=??? ?? ???? ???? ???"
"term_dictionary_normalized.csv","term_id","antiCancerRadiation","term_label","????????","bottom_sheet|inline_highlight","term_label","????","????????","","rider_catalog?? minor_category=??? ??? ???? ???? ???"
"term_dictionary_normalized.csv","term_id","antiCancerRadiation","term_label","????????","bottom_sheet|inline_highlight","aliases_csv","????","????????|??? ??? ???","","rider_catalog?? minor_category=??? ??? ???? ???? ???"
"term_dictionary_normalized.csv","term_id","antiCancerRadiation","term_label","????????","bottom_sheet|inline_highlight","plain_summary","????","???? ???? ?????? ???? ????? ?????? ???????.","???????? ???? ???? ?????????.","rider_catalog?? minor_category=??? ??? ???? ???? ???"
"term_dictionary_normalized.csv","term_id","antiCancerRadiation","term_label","????????","bottom_sheet|inline_highlight","why_it_matters","????","???????? ?????? ???????? ?? ????? ??? ??? ??u?? ?????? ???? ??�� ???????.","??????? ??u?? ????, ?????? ???? ???? ???????? ?????? ?? ????.","rider_catalog?? minor_category=??? ??? ???? ???? ???"
"term_dictionary_normalized.csv","term_id","antiCancerRadiation","term_label","????????","bottom_sheet|inline_highlight","fit_case","????","??? ??? ???? ???��? ?��???? ???? ???? ??? ????? ?? ??????.","??? ??? ????? ?????? ???�� ???? ?????? ???? ?? ???�X?? ?????.","rider_catalog?? minor_category=??? ??? ???? ???? ???"
"term_dictionary_normalized.csv","term_id","antiCancerRadiation","term_label","????????","bottom_sheet|inline_highlight","caution","????","??? ?????? ???? ?????? ????? ??????? ????? ???? ?????? ?��? ?????? ?? ????.","?? ?????? ????????? ??? ?????? ?????.","rider_catalog?? minor_category=??? ??? ???? ???? ???"
"term_dictionary_normalized.csv","term_id","antiCancerRadiation","term_label","????????","bottom_sheet|inline_highlight","detail_example","????","??: ??? ???? ?????? ??? ???? ??????? ???o?? ????.","???? ??? ?? ??? ?????? ?????? ???? ??? ?? ????.","rider_catalog?? minor_category=??? ??? ???? ???? ???"
"term_dictionary_normalized.csv","term_id","antiCancerRadiation","term_label","????????","bottom_sheet|inline_highlight","compare_target_ids_csv","????","directTreatment-vs-drugRadiation","","rider_catalog?? minor_category=??? ??? ???? ???? ???"
"term_dictionary_normalized.csv","term_id","antiCancerRadiation","term_label","????????","bottom_sheet|inline_highlight","legal_notice","???????????","????? ?????? ????? ?? ????? ?????.","","rider_catalog?? minor_category=??? ??? ???? ???? ???"
"comparison_mapping_normalized.csv","comparison_id","integratedCancer-vs-generalCancer","used_in_surface","comparison_drawer","comparison_drawer","left_title","????","?????","","data.js comparisons['integratedCancer-vs-generalCancer']?? 1:1 ????"
"comparison_mapping_normalized.csv","comparison_id","integratedCancer-vs-generalCancer","used_in_surface","comparison_drawer","comparison_drawer","left_fit_case","????","?? ???????? ??? ?????? ???? ????? ??? ???? ???? ???","?? ???????? ??? ?????? ???? ????? ???? ???? ???? ?? ???�X?? ?????.","data.js comparisons['integratedCancer-vs-generalCancer']?? 1:1 ????"
"comparison_mapping_normalized.csv","comparison_id","integratedCancer-vs-generalCancer","used_in_surface","comparison_drawer","comparison_drawer","right_title","????","????","","data.js comparisons['integratedCancer-vs-generalCancer']?? 1:1 ????"
"comparison_mapping_normalized.csv","comparison_id","integratedCancer-vs-generalCancer","used_in_surface","comparison_drawer","comparison_drawer","right_fit_case","????","?? ???? ?????? ???? ??????? ???? ???","?? ???? ?????? ???? ??????? ???? ?? ???? ?????.","data.js comparisons['integratedCancer-vs-generalCancer']?? 1:1 ????"
"comparison_mapping_normalized.csv","comparison_id","integratedCancer-vs-generalCancer","used_in_surface","comparison_drawer","comparison_drawer","difference_point_1","????","??????? ??? ?? ?????? ??? ????? ?? ??? ?????? ?????.","??????? ??? ?? ?????? ??? ????? ?? ??? ?????? ????.","data.js comparisons['integratedCancer-vs-generalCancer']?? 1:1 ????"
"comparison_mapping_normalized.csv","comparison_id","integratedCancer-vs-generalCancer","used_in_surface","comparison_drawer","comparison_drawer","difference_point_2","????","?????? ???? ???? 1? ???? ???????? ??????? ????.","?????? ???? ???? 1? ???? ???????? ??????? ???.","data.js comparisons['integratedCancer-vs-generalCancer']?? 1:1 ????"
"comparison_mapping_normalized.csv","comparison_id","integratedCancer-vs-generalCancer","used_in_surface","comparison_drawer","comparison_drawer","difference_point_3","????","?? ?? ?? ?????? ??????? ???? ????? ?��? ?????? ??????.","?? ?? ?? ?????? ???????, ???? ????? ?��? ?????? ????.","data.js comparisons['integratedCancer-vs-generalCancer']?? 1:1 ????"
"comparison_mapping_normalized.csv","comparison_id","integratedCancer-vs-generalCancer","used_in_surface","comparison_drawer","comparison_drawer","legal_notice","???????????","???? ?? ?????? ?????? ???? ???? ???��? ????? ?? ????? ?????.","???? ?? ?????? ?????? ???? ???? ???��? ????? ?? ????? ?????.","data.js comparisons['integratedCancer-vs-generalCancer']?? 1:1 ????"
"comparison_mapping_normalized.csv","comparison_id","smallCancer-vs-generalCancer","used_in_surface","comparison_drawer","comparison_drawer","left_title","????","????","","data.js comparisons['smallCancer-vs-generalCancer']?? 1:1 ????"
"comparison_mapping_normalized.csv","comparison_id","smallCancer-vs-generalCancer","used_in_surface","comparison_drawer","comparison_drawer","left_fit_case","????","?????? ??? ?????o?? ???? ???? ?��??? ?n??? ???","????????? ??? ?????o?? ???? ???? ???? ???? ???? ???? ?? ???�X?? ?????.","data.js comparisons['smallCancer-vs-generalCancer']?? 1:1 ????"
"comparison_mapping_normalized.csv","comparison_id","smallCancer-vs-generalCancer","used_in_surface","comparison_drawer","comparison_drawer","right_title","????","????","","data.js comparisons['smallCancer-vs-generalCancer']?? 1:1 ????"
"comparison_mapping_normalized.csv","comparison_id","smallCancer-vs-generalCancer","used_in_surface","comparison_drawer","comparison_drawer","right_fit_case","????","?? ?? ???? ?????? ???? ??????? ???? ???","?? ?? ???? ?????? ???? ??????? ???? ?? ???? ?????.","data.js comparisons['smallCancer-vs-generalCancer']?? 1:1 ????"
"comparison_mapping_normalized.csv","comparison_id","smallCancer-vs-generalCancer","used_in_surface","comparison_drawer","comparison_drawer","difference_point_1","????","?????? ??????? ???? ????? ??? ?????? ?????? ???????.","?????? ??????? ???? ????? ??? ?????? ??�� ????.","data.js comparisons['smallCancer-vs-generalCancer']?? 1:1 ????"
"comparison_mapping_normalized.csv","comparison_id","smallCancer-vs-generalCancer","used_in_surface","comparison_drawer","comparison_drawer","difference_point_2","????","?????? ?? ???? ???? ?????? ?????? ??? ?????? ???? ?��??? ?????? ????.","?????? ?? ???? ?????? ?????? ?????? ???.","data.js comparisons['smallCancer-vs-generalCancer']?? 1:1 ????"
"comparison_mapping_normalized.csv","comparison_id","smallCancer-vs-generalCancer","used_in_surface","comparison_drawer","comparison_drawer","difference_point_3","????","???? ?? ????o?? ?????? ?? ???? ??? ????? ????????? ??? ????????.","???? ?? ????o?? ??????, ?? ???? ??? ??????? ????.","data.js comparisons['smallCancer-vs-generalCancer']?? 1:1 ????"
"comparison_mapping_normalized.csv","comparison_id","smallCancer-vs-generalCancer","used_in_surface","comparison_drawer","comparison_drawer","legal_notice","???????????","???????? ???? ?? ?????? ???? ?????? ????? ?? ????? ?????.","???????? ???? ?? ?????? ???? ?????? ????? ?? ????? ?????.","data.js comparisons['smallCancer-vs-generalCancer']?? 1:1 ????"
"comparison_mapping_normalized.csv","comparison_id","integratedTreatment-vs-directTreatment","used_in_surface","comparison_drawer","comparison_drawer","left_title","????","?? ???? ???","","data.js comparisons['integratedTreatment-vs-directTreatment']?? 1:1 ????"
"comparison_mapping_normalized.csv","comparison_id","integratedTreatment-vs-directTreatment","used_in_surface","comparison_drawer","comparison_drawer","left_fit_case","????","??? ???? ????? ??????? ?��? ???? ?????? ?????? ???? ???","?????? ??????? ?��? ???? ??? ?????? ?????? ???? ?? ???�X?? ?????.","data.js comparisons['integratedTreatment-vs-directTreatment']?? 1:1 ????"
"comparison_mapping_normalized.csv","comparison_id","integratedTreatment-vs-directTreatment","used_in_surface","comparison_drawer","comparison_drawer","right_title","????","?? ???","","data.js comparisons['integratedTreatment-vs-directTreatment']?? 1:1 ????"
"comparison_mapping_normalized.csv","comparison_id","integratedTreatment-vs-directTreatment","used_in_surface","comparison_drawer","comparison_drawer","right_fit_case","????","??????? ??????? ???? ???? ?????? ???? ???? ???","??????? ??????? ???? ???? ?????? ???? ???? ???? ?? ???? ?????.","data.js comparisons['integratedTreatment-vs-directTreatment']?? 1:1 ????"
"comparison_mapping_normalized.csv","comparison_id","integratedTreatment-vs-directTreatment","used_in_surface","comparison_drawer","comparison_drawer","difference_point_1","????","?? ???? ???? ??? ???? ??????? ?? ?��? ???? ???????.","?? ???? ???? ???, ????, ??????? ?��? ?????? ?? ?? ????.","data.js comparisons['integratedTreatment-vs-directTreatment']?? 1:1 ????"
"comparison_mapping_normalized.csv","comparison_id","integratedTreatment-vs-directTreatment","used_in_surface","comparison_drawer","comparison_drawer","difference_point_2","????","?? ???? ??????? ??????? 10?? ???? ?? ???? ?????? ???? ????????.","?? ???????? ??? ?????? ?��??? ????, ???, ????? ??????? ????.","data.js comparisons['integratedTreatment-vs-directTreatment']?? 1:1 ????"
"comparison_mapping_normalized.csv","comparison_id","integratedTreatment-vs-directTreatment","used_in_surface","comparison_drawer","comparison_drawer","difference_point_3","????","???? ?????? ?��? ??????? ???? ?????? ????? ?????? ???? ????.","???? ?????? ?��? ?????? ???? ?????? ???? ?????? ???? ????.","data.js comparisons['integratedTreatment-vs-directTreatment']?? 1:1 ????"
"comparison_mapping_normalized.csv","comparison_id","integratedTreatment-vs-directTreatment","used_in_surface","comparison_drawer","comparison_drawer","legal_notice","???????????","?? ??? ?????????? ???? ????? ????? ?? ????? ?????.","?? ??? ?????????? ???? ????? ????? ?? ????? ?????.","data.js comparisons['integratedTreatment-vs-directTreatment']?? 1:1 ????"
"comparison_mapping_normalized.csv","comparison_id","integratedTreatment-vs-nonCoveredTreatment","used_in_surface","comparison_drawer","comparison_drawer","left_title","????","?? ???? ???","","data.js comparisons['integratedTreatment-vs-nonCoveredTreatment']?? 1:1 ????"
"comparison_mapping_normalized.csv","comparison_id","integratedTreatment-vs-nonCoveredTreatment","used_in_surface","comparison_drawer","comparison_drawer","left_fit_case","????","?? ???? ??? ?????? ???? ??????? ???? ???","?? ???? ??? ?????? ???? ??????? ???? ?? ???? ?????.","data.js comparisons['integratedTreatment-vs-nonCoveredTreatment']?? 1:1 ????"
"comparison_mapping_normalized.csv","comparison_id","integratedTreatment-vs-nonCoveredTreatment","used_in_surface","comparison_drawer","comparison_drawer","right_title","????","?? ???? ???(????????)","","data.js comparisons['integratedTreatment-vs-nonCoveredTreatment']?? 1:1 ????"
"comparison_mapping_normalized.csv","comparison_id","integratedTreatment-vs-nonCoveredTreatment","used_in_surface","comparison_drawer","comparison_drawer","right_fit_case","????","????????? ??????? ??? ???? ?��???? ???? ???? ???? ???","????????? ??????? ??? ???? ?��???? ???? ???? ???? ?? ???�X?? ?????.","data.js comparisons['integratedTreatment-vs-nonCoveredTreatment']?? 1:1 ????"
"comparison_mapping_normalized.csv","comparison_id","integratedTreatment-vs-nonCoveredTreatment","used_in_surface","comparison_drawer","comparison_drawer","difference_point_1","????","???? ???????? ???????????? ??????? ??? ??? ???? ???���? ?????? ??? ?????.","?? ???? ???? ??u ??? ???? ?��? ???? ????????.","data.js comparisons['integratedTreatment-vs-nonCoveredTreatment']?? 1:1 ????"
"comparison_mapping_normalized.csv","comparison_id","integratedTreatment-vs-nonCoveredTreatment","used_in_surface","comparison_drawer","comparison_drawer","difference_point_2","????","?????? ??? ?????? ?��? ???? ???? ???? ???��? ?????? ?????? ????.","???? ???? ????????? ??????? ??? ???? ?????? ???? ????.","data.js comparisons['integratedTreatment-vs-nonCoveredTreatment']?? 1:1 ????"
"comparison_mapping_normalized.csv","comparison_id","integratedTreatment-vs-nonCoveredTreatment","used_in_surface","comparison_drawer","comparison_drawer","difference_point_3","????","???? ???? ???? ???? ?��? ???????? ?? ??????? ????????.","?? ?? ????? ?????????, ???? ?????? ???????? ??? ?????????? ????.","data.js comparisons['integratedTreatment-vs-nonCoveredTreatment']?? 1:1 ????"
"comparison_mapping_normalized.csv","comparison_id","integratedTreatment-vs-nonCoveredTreatment","used_in_surface","comparison_drawer","comparison_drawer","legal_notice","???????????","???? ???��? ?????? ???? ???? ????? ???? ??? ?????? ?? ????? ?????.","???? ?????? ???? ???? ?????? ????? ?? ????? ?????.","data.js comparisons['integratedTreatment-vs-nonCoveredTreatment']?? 1:1 ????"
"comparison_mapping_normalized.csv","comparison_id","treatment-vs-tertiaryTreatment","used_in_surface","comparison_drawer","comparison_drawer","left_title","????","?? ???","","data.js comparisons['treatment-vs-tertiaryTreatment']?? 1:1 ????"
"comparison_mapping_normalized.csv","comparison_id","treatment-vs-tertiaryTreatment","used_in_surface","comparison_drawer","comparison_drawer","left_fit_case","????","???? ?????? ?��? ??? ??? ??u?? ???? ???","??? ??u?? ???? ??????? ???? ?? ???? ?????.","data.js comparisons['treatment-vs-tertiaryTreatment']?? 1:1 ????"
"comparison_mapping_normalized.csv","comparison_id","treatment-vs-tertiaryTreatment","used_in_surface","comparison_drawer","comparison_drawer","right_title","????","?? ?????? ???","","data.js comparisons['treatment-vs-tertiaryTreatment']?? 1:1 ????"
"comparison_mapping_normalized.csv","comparison_id","treatment-vs-tertiaryTreatment","used_in_surface","comparison_drawer","comparison_drawer","right_fit_case","????","?????????? ??? ?????? ??? ?????? ???? ?????? ???? ???","?????????? ??????? ???? ???????? ???? ?? ???�X?? ?????.","data.js comparisons['treatment-vs-tertiaryTreatment']?? 1:1 ????"
"comparison_mapping_normalized.csv","comparison_id","treatment-vs-tertiaryTreatment","used_in_surface","comparison_drawer","comparison_drawer","difference_point_1","????","?? ?????? ???? ?????????????? ???? ??? ?????? ?? ?? ??????.","?? ??? ?????? ??? ?????? ????????.","data.js comparisons['treatment-vs-tertiaryTreatment']?? 1:1 ????"
"comparison_mapping_normalized.csv","comparison_id","treatment-vs-tertiaryTreatment","used_in_surface","comparison_drawer","comparison_drawer","difference_point_2","????","?? ???? ???? ??????? ??????? ???? ??????? ???? ????????.","?????????? ???? ??? ?????? ???? ?????? ?? ?? ?? ????.","data.js comparisons['treatment-vs-tertiaryTreatment']?? 1:1 ????"
"comparison_mapping_normalized.csv","comparison_id","treatment-vs-tertiaryTreatment","used_in_surface","comparison_drawer","comparison_drawer","difference_point_3","????","??? ????? ???? ?????? ???? u?? ????? ???? ?? ??????.","???? ???? ??? ???????? ??????? ???? ???? ?????? ????? ?? ????.","data.js comparisons['treatment-vs-tertiaryTreatment']?? 1:1 ????"
"comparison_mapping_normalized.csv","comparison_id","treatment-vs-tertiaryTreatment","used_in_surface","comparison_drawer","comparison_drawer","legal_notice","???????????","?????????? ???? ???��? ???? ??? ?????? ????? ?? ????? ?????.","?????????? ?????? ???? ?????? ????? ?? ????? ?????.","data.js comparisons['treatment-vs-tertiaryTreatment']?? 1:1 ????"
"comparison_mapping_normalized.csv","comparison_id","directTreatment-vs-drugRadiation","used_in_surface","comparison_drawer","comparison_drawer","left_title","????","?? ???","","data.js comparisons['directTreatment-vs-drugRadiation']?? 1:1 ????"
"comparison_mapping_normalized.csv","comparison_id","directTreatment-vs-drugRadiation","used_in_surface","comparison_drawer","comparison_drawer","left_fit_case","????","??????? ??u ?????? ???? ???? ???","??????? ??u ?????? ???? ???? ???? ?? ???? ?????.","data.js comparisons['directTreatment-vs-drugRadiation']?? 1:1 ????"
"comparison_mapping_normalized.csv","comparison_id","directTreatment-vs-drugRadiation","used_in_surface","comparison_drawer","comparison_drawer","right_title","????","??????? / ????????","","data.js comparisons['directTreatment-vs-drugRadiation']?? 1:1 ????"
"comparison_mapping_normalized.csv","comparison_id","directTreatment-vs-drugRadiation","used_in_surface","comparison_drawer","comparison_drawer","right_fit_case","????","????? ?????? ????? ?????? ???? ???? ???","????? ??????o?? ??? ??? ???? ???? ???? ?? ???�X?? ?????.","data.js comparisons['directTreatment-vs-drugRadiation']?? 1:1 ????"
"comparison_mapping_normalized.csv","comparison_id","directTreatment-vs-drugRadiation","used_in_surface","comparison_drawer","comparison_drawer","difference_point_1","????","?? ???? ???? ?? ??? ?? ??????? ????? ?��? ?????.","???????? ????, ?????, ??????o?? ??? ?????? ?��??? ????? ??? ????.","data.js comparisons['directTreatment-vs-drugRadiation']?? 1:1 ????"
"comparison_mapping_normalized.csv","comparison_id","directTreatment-vs-drugRadiation","used_in_surface","comparison_drawer","comparison_drawer","difference_point_2","????","???????? ????????? ?? ??? ???? ??????? ???? ????????.","???? ??? ????? ???? ?? ??? ???? ???? ????????.","data.js comparisons['directTreatment-vs-drugRadiation']?? 1:1 ????"
"comparison_mapping_normalized.csv","comparison_id","directTreatment-vs-drugRadiation","used_in_surface","comparison_drawer","comparison_drawer","difference_point_3","????","??? ????? ???????? ??????? ??u?? ???????? ???? ?��? ????? ????????.","???? ???? ????o?? ?????? ???? ?????? ????.","data.js comparisons['directTreatment-vs-drugRadiation']?? 1:1 ????"
"comparison_mapping_normalized.csv","comparison_id","directTreatment-vs-drugRadiation","used_in_surface","comparison_drawer","comparison_drawer","legal_notice","???????????","??? ???? ???? ????? ???? 1? ???? ???��? ????? ?? ????? ?????.","","data.js comparisons['directTreatment-vs-drugRadiation']?? 1:1 ????"
"event_guidance_normalized.csv","event_id","guide_toggle_on","trigger_type","toggle_on","sticky_guide_bar","title_template","??????????","???? ???��??? ?? ????? ???? ????","?????? ?? ????? ???? ???","data.js guideMessages.toggle_on?? 1:1 ????"
"event_guidance_normalized.csv","event_id","guide_toggle_on","trigger_type","toggle_on","sticky_guide_bar","message_template","??????????","?????? ???? ??? ?? ???????? ??????, ?? ??? ?????? ???? ?????? ????? ???? ????? ??????.","?????? ???? ??? ?? ????? ??????, ?? ??? ?????? ???? ?????? ???????? ???? ???? ????? ????????.","data.js guideMessages.toggle_on?? 1:1 ????"
"event_guidance_normalized.csv","event_id","guide_toggle_on","trigger_type","toggle_on","sticky_guide_bar","linked_behavior","????","???? ???? ???? = message_template + rider_helper","","data.js guideMessages.toggle_on?? 1:1 ????"
"event_guidance_normalized.csv","event_id","guide_toggle_off","trigger_type","toggle_off","sticky_guide_bar","title_template","??????????","????????? ?��? ?? ?��??? ???????","????????? ?��? ?? ?????? ??????","data.js guideMessages.toggle_off?? 1:1 ????. amount_change???? ????? ???? ?? ?? ?????? ????"
"event_guidance_normalized.csv","event_id","guide_toggle_off","trigger_type","toggle_off","sticky_guide_bar","message_template","??????????","???? ?? ????? ???? ????????, ??? ???? ??????? ??????? ???? ???? ???? ?? ?????????.","???? ?? ????? ???? ????????, ??? ???? ??????? ?????? ???? ???? ?? ????????.","data.js guideMessages.toggle_off?? 1:1 ????. amount_change???? ????? ???? ?? ?? ?????? ????"
"event_guidance_normalized.csv","event_id","guide_toggle_off","trigger_type","toggle_off","sticky_guide_bar","linked_behavior","????","???? ???? ???? = message_template + rider_helper","","data.js guideMessages.toggle_off?? 1:1 ????. amount_change???? ????? ???? ?? ?? ?????? ????"
"event_guidance_normalized.csv","event_id","guide_amount_change","trigger_type","amount_change","sticky_guide_bar","title_template","??????????","????? ??? ???? ????? ?????? ???? ??????","????? ???? ????? ?????? ???? ????","data.js guideMessages.amount_change?? 1:1 ????"
"event_guidance_normalized.csv","event_id","guide_amount_change","trigger_type","amount_change","sticky_guide_bar","message_template","??????????","???????? ��???? ???? ????? ??? ???? ?????? ?????? ?? ??????. ???? ???? ???? ???? ?????? ???? ????? ??????.","???????? ��???? ???? ????? ??? ???? ?????? ?????? ?? ????. ???? ?????? ???? ???? ????? ????????.","data.js guideMessages.amount_change?? 1:1 ????"
"event_guidance_normalized.csv","event_id","guide_amount_change","trigger_type","amount_change","sticky_guide_bar","linked_behavior","????","???? ???? ???? = message_template + rider_helper","","data.js guideMessages.amount_change?? 1:1 ????"
"consult_template_normalized.csv","template_id","consult_default","used_in_surface","consult_card","consult_card","title","????","???? ???? ????? ???�� ?????????","???? ???? ????? ???�� ?????????","??? ????? ???? ?????? ???? ??? ????"
"consult_template_normalized.csv","template_id","consult_default","used_in_surface","consult_card","consult_card","intro_copy","????","???? ???? ??? ???? ???? ??????? ???? ???? ??????. o?????? ??? ???????? ???? ????? ????? ??? ????????.","???? ???? ??? ???? ???? ??????? ???? ??????? ???????. o?????? ??? ???????? ???? ????? ????? ??? ????.","??? ????? ???? ?????? ???? ??? ????"
"consult_template_normalized.csv","template_id","consult_default","used_in_surface","consult_card","consult_card","context_block_title","????","??????? ?????? ????","??????? ??? ?????? ????","??? ????? ???? ?????? ???? ??? ????"
"consult_template_normalized.csv","template_id","consult_default","used_in_surface","consult_card","consult_card","dynamic_field_1_label","????","???? ???? ??? ???","","??? ????? ???? ?????? ???? ??? ????"
"consult_template_normalized.csv","template_id","consult_default","used_in_surface","consult_card","consult_card","dynamic_field_1_source","??????????","openConsult(source.type='rider').id -> state.riders[].label ??? openConsult(source.type='comparison').id -> comparisons[].title","","??? ????? ???? ?????? ???? ??? ????"
"consult_template_normalized.csv","template_id","consult_default","used_in_surface","consult_card","consult_card","dynamic_field_2_label","????","???? ???? ????","","??? ????? ???? ?????? ???? ??? ????"
"consult_template_normalized.csv","template_id","consult_default","used_in_surface","consult_card","consult_card","dynamic_field_2_source","??????????","openConsult(source.type='rider').id -> state.riders[].selectedAmount / enabled=false?? '?????'","","??? ????? ???? ?????? ???? ??? ????"
"consult_template_normalized.csv","template_id","consult_default","used_in_surface","consult_card","consult_card","dynamic_field_3_label","????","?? ?????","","??? ????? ???? ?????? ???? ??? ????"
"consult_template_normalized.csv","template_id","consult_default","used_in_surface","consult_card","consult_card","dynamic_field_3_source","??????????","openConsult(source.type='comparison').id -> comparisons[].differencePoints[0]","","??? ????? ???? ?????? ???? ??? ????"
"consult_template_normalized.csv","template_id","consult_default","used_in_surface","consult_card","consult_card","dynamic_field_4_label","????","???? ???? ???","","??? ????? ???? ?????? ???? ??? ????"
"consult_template_normalized.csv","template_id","consult_default","used_in_surface","consult_card","consult_card","dynamic_field_4_source","??????????","state.lastGuideContext.riderId -> state.riders[].label + '???? ?? ???? ???'","","??? ????? ???? ?????? ???? ??? ????"
"consult_template_normalized.csv","template_id","consult_default","used_in_surface","consult_card","consult_card","primary_cta","????","1588-0000 ????","","??? ????? ???? ?????? ???? ??? ????"
"consult_template_normalized.csv","template_id","consult_default","used_in_surface","consult_card","consult_card","legal_notice","????","???? ????? ???? ?????? ????? ?? ????? ?????.","","??? ????? ???? ?????? ???? ??? ????"
"rider_display_copy_normalized.csv","product_rider_code","A0101","datajs_rider_id","integrated-cancer","rider_row|consult_card","display_description","????","?? ?????? ??????? ??? ????? ?? ??? ???? ????","?? ?????? ??????? ??? ????? ?? ??? ???? ????????.","???? data.js riders[].description / consultTopic ?? ????"
"rider_display_copy_normalized.csv","product_rider_code","A0101","datajs_rider_id","integrated-cancer","consult_card","consult_topic","????","????? ???? ????","????? ???? ?????? ???? ??????.","???? data.js riders[].description / consultTopic ?? ????"
"rider_display_copy_normalized.csv","product_rider_code","A0101","minor_category","?????","reference","source_tooltip_plain","????????","?????? ???????? ?? ??????? ???? ???? ?????? ???? ?? ???? ?????? ?????. ???? ???, ???????? ?????? ??? ??????? ???? ?? ????? ????? ??????? ???? ??????? ?? ?? ?? ??????? ?????. (????? ??? ??????? ?????????, ???? ?????? ?????? ?? ???? ??????? ?????.)","?????? ?????? ??????? ???? ???? ?????? ???? ?? ???? ?????? ?????. ???? ???, ???????? ?????? ??? ??????? ???? ?? ????? ????? ??????? ???? ??????? ?? ?? ?? ??????? ?????. (????? ??? ??????? ?????????, ???? ?????? ?????? ?? ???? ??????? ?????.)","???? data.js riders[].description / consultTopic ?? ????"
"rider_display_copy_normalized.csv","product_rider_code","A0102","datajs_rider_id","integrated-small-cancer","rider_row|consult_card","display_description","????","????? ????? ???? ????? ???? ???? ????","????? ????? ???? ????? ???? ???? ????????.","???? data.js riders[].description / consultTopic ?? ????"
"rider_display_copy_normalized.csv","product_rider_code","A0102","datajs_rider_id","integrated-small-cancer","consult_card","consult_topic","????","??????? ?��? ????","??????? ?��? ?????? ???? ??????.","???? data.js riders[].description / consultTopic ?? ????"
"rider_display_copy_normalized.csv","product_rider_code","A0102","minor_category","???????","reference","source_tooltip_plain","????????","???? ????? ??????, ??? ?????, ??? ??��? ?? ??????? ???? ???????? ???????? ???? ????? ???????? 20% ????? ????????? ?????. ????? ????? ?????????? ???? ?????? ????? ??? ??????? ?? ????.","???? ????? ??????, ??? ?????, ??? ??��? ?? ??????? ???? ???????? ??????? ????? ???????? 20% ????? ????????? ?????. ????? ????? ?????????? ???? ?????? ????? ??? ??????? ?? ????.","???? data.js riders[].description / consultTopic ?? ????"
"rider_display_copy_normalized.csv","product_rider_code","A0103","datajs_rider_id","general-cancer","rider_row|consult_card","display_description","????","?? ?? ???? ????","?? ?? ???? ?????????.","???? data.js riders[].description / consultTopic ?? ????"
"rider_display_copy_normalized.csv","product_rider_code","A0103","datajs_rider_id","general-cancer","consult_card","consult_topic","????","????? ????? ????","????? ????? ????? ???? ??????.","???? data.js riders[].description / consultTopic ?? ????"
"rider_display_copy_normalized.csv","product_rider_code","A0103","minor_category","????","reference","source_tooltip_plain","????????","?????? ???????? ?? ??????? ?????. (???? 1? ????)","?????? ?????? ??????? ?????. ???? ???? 1? ???????? ????.","???? data.js riders[].description / consultTopic ?? ????"
"rider_display_copy_normalized.csv","product_rider_code","A0104","datajs_rider_id","A0104","rider_row|consult_card","display_description","????","????? ???��?? ??????? ?????? ???? ???? ????","????? ???��?? ??????? ?????? ???? ???? ????????.","data.js ?????. ???? ??? ?? ??????? ??? ????"
"rider_display_copy_normalized.csv","product_rider_code","A0104","datajs_rider_id","A0104","consult_card","consult_topic","????","??????? ?��? ????","??????? ?��? ?????? ???? ??????.","data.js ?????. ???? ??? ?? ??????? ??? ????"
"rider_display_copy_normalized.csv","product_rider_code","A0104","minor_category","???????(??? ?????, ???? ??? ?????? ??)","reference","source_tooltip_plain","????????","???? ????? ??????, ??? ?????, ??? ??��? ?? ??????? ???? ??????????? ???????? ???? ???? ???????? 20% ????? ????????? ?????. (?? ???? 1? ????)","???? ????? ??????, ??? ?????, ??? ??��? ?? ??????? ???? ??????????? ??????? ???? ???????? 20% ????? ????????? ?????. ???? ???? 1? ???????? ????.","data.js ?????. ???? ??? ?? ??????? ??? ????"
"rider_display_copy_normalized.csv","product_rider_code","A0201","datajs_rider_id","integrated-treatment","rider_row|consult_card","display_description","????","???, ????, ??????????, ??????? ?��? ???? ????","???, ????, ??????????, ??????? ?��? ???? ????????.","???? data.js riders[].description / consultTopic ?? ????"
"rider_display_copy_normalized.csv","product_rider_code","A0201","datajs_rider_id","integrated-treatment","consult_card","consult_topic","????","?? ???? ??? ????","?? ???? ??? ?????? ???? ??????.","???? data.js riders[].description / consultTopic ?? ????"
"rider_display_copy_normalized.csv","product_rider_code","A0201","minor_category","?? ???? ???","reference","source_tooltip_plain","????????","?? ???? ???, ????, ??????????, ????? ???? ??????? ?????. ???????? 1?? ???? ???? ?? ??? ??????? ??? ???????. (???????? ???? ?? 1???? 1? ????, ????? ??? ?? 1???? 20????? ????, ?????? ???? ???? 1??? ????)","?? ???? ???, ????, ??????????, ????? ???? ??????? ?????. ???????? 1?? ???? ???? ?? ??? ??????? ??? ???????. (???????? ???? ?? 1???? 1? ????, ????? ??? ?? 1???? 20????? ????, ?????? ???? ???? 1??? ????)","???? data.js riders[].description / consultTopic ?? ????"
"rider_display_copy_normalized.csv","product_rider_code","A0202","datajs_rider_id","integrated-treatment-noncovered","rider_row|consult_card","display_description","????","?????? ???? ???���? ???????? ???? ???? ???? ???","?????? ???? ???���? ???????? ???? ???? ???? ?????.","???? data.js riders[].description / consultTopic ?? ????"
"rider_display_copy_normalized.csv","product_rider_code","A0202","datajs_rider_id","integrated-treatment-noncovered","consult_card","consult_topic","????","???? ???? ??? ????","???? ???? ??? ?????? ???? ??????.","???? data.js riders[].description / consultTopic ?? ????"
"rider_display_copy_normalized.csv","product_rider_code","A0202","minor_category","?? ???? ???(????????)","reference","source_tooltip_plain","????????","??????? ???? ????????? ???? ??, ??? ???? ?????? ????? ???? ?��???????, ????(??????? ???? ???) ???? ???? ?? ????, ?????????? ???? ??????? ?????. ???????? 1?? ???? ???? ?? ??? ??????? ??? ???????. (???????? ???? ?? 1???? 1? ????, ?????? ???? ???? 1??? ????)","??????? ???? ????????? ???? ??, ??? ???? ?????? ????? ???? ?��???????, ????(??????? ???? ???) ???? ???? ?? ????, ?????????? ???? ??????? ?????. ???????? 1?? ???? ???? ?? ??? ??????? ??? ???????. (???????? ???? ?? 1???? 1? ????, ?????? ???? ???? 1??? ????)","???? data.js riders[].description / consultTopic ?? ????"
"rider_display_copy_normalized.csv","product_rider_code","A0203","datajs_rider_id","direct-treatment","rider_row|consult_card","display_description","????","10?? ???? ??????? ?? ?????? ???? ????","10?? ???? ??????? ?? ?????? ???? ????????.","???? data.js riders[].description / consultTopic ?? ????"
"rider_display_copy_normalized.csv","product_rider_code","A0203","datajs_rider_id","direct-treatment","consult_card","consult_topic","????","?? ??????? ????","?? ??????? ?????? ???? ??????.","???? data.js riders[].description / consultTopic ?? ????"
"rider_display_copy_normalized.csv","product_rider_code","A0203","minor_category","?? ???","reference","source_tooltip_plain","????????","?? ???? ???? ?????��??? 10???? ??? ??????????? ????, ??????? ??? ???? ??????? ?????. (???? ?????��??? ?? 1???? 1??? ????? ??? 10????? ????)","?? ???? ???? ?????��??? 10?? ???? ??? ???????? ??? ????, ??????? ??? ???? ??????? ?????. ???? ????? ???? ?? 1???? 1???, ??? 10????? ???????.","???? data.js riders[].description / consultTopic ?? ????"
"rider_display_copy_normalized.csv","product_rider_code","A0204","datajs_rider_id","small-direct-treatment","rider_row|consult_card","display_description","????","?????? ??????? ???? ???? ????","?????? ??????? ???? ???? ????????.","???? data.js riders[].description / consultTopic ?? ????"
"rider_display_copy_normalized.csv","product_rider_code","A0204","datajs_rider_id","small-direct-treatment","consult_card","consult_topic","????","???? ??????? ????","???? ??????? ?????? ???? ??????.","???? data.js riders[].description / consultTopic ?? ????"
"rider_display_copy_normalized.csv","product_rider_code","A0204","minor_category","?? ???(????)","reference","source_tooltip_plain","????????","?????? ??? ?????��? ???? ???? ?????��??? 10???? ??? ??????????? ????, ??????? ??? ???? ??????? ?????. (???? ?????��??? ?? 1???? 1??? ????? ??? 10????? ????)","?????? ??? ?????��? ???? ???? ?????��??? 10?? ???? ??? ???????? ??? ????, ??????? ??? ???? ??????? ?????. ???? ????? ???? ?? 1???? 1???, ??? 10????? ???????.","???? data.js riders[].description / consultTopic ?? ????"
"rider_display_copy_normalized.csv","product_rider_code","A0205","datajs_rider_id","tertiary-treatment","rider_row|consult_card","display_description","????","?????????????? ???? ??????? ???? ???? ????","?????????????? ???? ??????? ???? ???? ????????.","???? data.js riders[].description / consultTopic ?? ????"
"rider_display_copy_normalized.csv","product_rider_code","A0205","datajs_rider_id","tertiary-treatment","consult_card","consult_topic","????","?????????? ????","?????????? ?????? ???? ??????.","???? data.js riders[].description / consultTopic ?? ????"
"rider_display_copy_normalized.csv","product_rider_code","A0205","minor_category","?? ?????? ???","reference","source_tooltip_plain","????????","?? ???? ???? ?????��??? 10???? ?????????????? ??? ??????????? ????, ??????? ??? ???? ??????? ?????. (???? ?????��??? ?? 1???? 1??? ????? ??? 10????? ????)","?? ???? ???? ?????��??? 10?? ???? ?????????????? ??? ???????? ??? ????, ??????? ??? ???? ??????? ?????. ???? ????? ???? ?? 1???? 1???, ??? 10????? ???????.","???? data.js riders[].description / consultTopic ?? ????"
"rider_display_copy_normalized.csv","product_rider_code","A0206","datajs_rider_id","tertiary-treatment-small","rider_row|consult_card","display_description","????","?????? ?????????? ??????? ???? ???? ????","?????? ?????????? ??????? ???? ???? ????????.","???? data.js riders[].description / consultTopic ?? ????"
"rider_display_copy_normalized.csv","product_rider_code","A0206","datajs_rider_id","tertiary-treatment-small","consult_card","consult_topic","????","???? ?????? ??? ????","???? ?????? ??? ?????? ???? ??????.","???? data.js riders[].description / consultTopic ?? ????"
"rider_display_copy_normalized.csv","product_rider_code","A0206","minor_category","?? ?????? ???(????)","reference","source_tooltip_plain","????????","?????? ??? ?????��? ???? ???? ?????��??? 10???? ?????????????? ??? ??????????? ????, ??????? ??? ???? ??????? ?????. (???? ?????��??? ?? 1???? 1??? ????? ??? 10????? ????)","?????? ??? ?????��? ???? ???? ?????��??? 10?? ???? ?????????????? ??? ???????? ??? ????, ??????? ??? ???? ??????? ?????. ???? ????? ???? ?? 1???? 1???, ??? 10????? ???????.","???? data.js riders[].description / consultTopic ?? ????"
"rider_display_copy_normalized.csv","product_rider_code","A0207","datajs_rider_id","complex-treatment","rider_row|consult_card","display_description","????","???? ??? ????? 2? ????? ?? ???? ????","???? ??? ????? 2? ????? ?? ???? ????????.","???? data.js riders[].description / consultTopic ?? ????"
"rider_display_copy_normalized.csv","product_rider_code","A0207","datajs_rider_id","complex-treatment","consult_card","consult_topic","????","?? ???? ??? ????","?? ???? ??? ?????? ???? ??????.","???? data.js riders[].description / consultTopic ?? ????"
"rider_display_copy_normalized.csv","product_rider_code","A0207","minor_category","?? ???? ???","reference","source_tooltip_plain","????????","?? ???? ????, ?????, ????, ?????? ??? ?? ???? ??? ????? 2? ????? ??? ??????? ?????. (???????? ???? ?? 1???? 1? ????)","?? ???? ????, ?????, ????, ?????? ??? ?? ???? ??? ????? 2? ????? ??? ??????? ?????. ???????? ???????? ?? 1???? 1? ???????.","???? data.js riders[].description / consultTopic ?? ????"
"rider_display_copy_normalized.csv","product_rider_code","A0208","datajs_rider_id","A0208","rider_row|consult_card","display_description","????","??????? ???? ??? ??? ????? ??�� ???? ???? ????","??????? ???? ??? ??? ????? ??�� ???? ???? ????????.","data.js ?????. ???? ??? ?? ??????? ??? ????"
"rider_display_copy_normalized.csv","product_rider_code","A0208","datajs_rider_id","A0208","consult_card","consult_topic","????","???? ???? ??? ????","???? ???? ??? ?????? ???? ??????.","data.js ?????. ???? ??? ?? ??????? ??? ????"
"rider_display_copy_normalized.csv","product_rider_code","A0208","minor_category","?? ???? ???(????)","reference","source_tooltip_plain","????????","???? ???? ????, ?????, ????, ?????? ??? ?? ???? ??? ????? 2? ????? ??? ??????? ?????. (???????? ???? ?? 1???? 1? ????)","???? ???? ????, ?????, ????, ?????? ??? ?? ???? ??? ????? 2? ????? ??? ??????? ?????. ???????? ???????? ?? 1???? 1? ???????.","data.js ?????. ???? ??? ?? ??????? ??? ????"
"rider_display_copy_normalized.csv","product_rider_code","A0209","datajs_rider_id","drug-treatment","rider_row|consult_card","display_description","????","??????? ??u?? ?????? ???? ???","??????? ??u?? ?????? ???? ????????.","???? data.js riders[].description / consultTopic ?? ????"
"rider_display_copy_normalized.csv","product_rider_code","A0209","datajs_rider_id","drug-treatment","consult_card","consult_topic","????","??????? ????","??????? ?????? ???? ??????.","???? data.js riders[].description / consultTopic ?? ????"
"rider_display_copy_normalized.csv","product_rider_code","A0209","minor_category","??? ?? ???","reference","source_tooltip_plain","????????","???? ???????? ??? ??????????? ??? ?? ??? ???? ??????? ?????. (????/?????��?/?????? ???? ???? 1? ????)","???? ???????? ??? ???????? ??? ??? ?? ??? ???? ??????? ?????. ????, ?????��?, ???????? ???? ???? 1? ???????.","???? data.js riders[].description / consultTopic ?? ????"
"rider_display_copy_normalized.csv","product_rider_code","A0210","datajs_rider_id","radiation-treatment","rider_row|consult_card","display_description","????","???????? ??u?? ?????? ???? ???","???????? ??u?? ?????? ???? ????????.","???? data.js riders[].description / consultTopic ?? ????"
"rider_display_copy_normalized.csv","product_rider_code","A0210","datajs_rider_id","radiation-treatment","consult_card","consult_topic","????","???????? ????","???????? ?????? ???? ??????.","???? data.js riders[].description / consultTopic ?? ????"
"rider_display_copy_normalized.csv","product_rider_code","A0210","minor_category","??? ??? ???","reference","source_tooltip_plain","????????","???? ???????? ??? ??????????? ??? ??? ??? ???? ??????? ?????. (????/?????��?/?????? ???? ???? 1? ????)","???? ???????? ??? ???????? ??? ??? ??? ??? ???? ??????? ?????. ????, ?????��?, ???????? ???? ???? 1? ???????.","???? data.js riders[].description / consultTopic ?? ????"
"rider_display_copy_normalized.csv","product_rider_code","A0301","datajs_rider_id","premium-treatment","rider_row|consult_card","display_description","????","?��????? ?? ??? ??? ???? ???? ????","?��????? ?? ??? ??? ???? ???? ????????.","???? data.js riders[].description / consultTopic ?? ????"
"rider_display_copy_normalized.csv","product_rider_code","A0301","datajs_rider_id","premium-treatment","consult_card","consult_topic","????","?? ??? ??? ????","?? ??? ??? ?????? ???? ??????.","???? data.js riders[].description / consultTopic ?? ????"
"rider_display_copy_normalized.csv","product_rider_code","A0301","minor_category","?? ??? ???(8??)","reference","source_tooltip_plain","????????","??? ?????? ?????? ?????? ?????? ?????��????? ?? ?? ??? ??? 8???? ???? ??????? ?????. (???? ?????��??? ?? 1???? 1??? ????? ??? 10????? ????)","??? ?????? ?????? ?????? ?????? ?????��????? ?? ?? ??? ??? 8???? ???? ??????? ?????. ???? ????? ???? ?? 1???? 1???, ??? 10????? ???????.","???? data.js riders[].description / consultTopic ?? ????"
"rider_display_copy_normalized.csv","product_rider_code","A0302","datajs_rider_id","A0302","rider_row|consult_card","display_description","????","??? ??? 3???? ???? ???? ????","??? ??? 3???? ???? ???? ????????.","data.js ?????. ???? ??? ?? ??????? ??? ????"
"rider_display_copy_normalized.csv","product_rider_code","A0302","datajs_rider_id","A0302","consult_card","consult_topic","????","?? ??? ??? 3?? ????","?? ??? ??? 3?? ?????? ???? ??????.","data.js ?????. ???? ??? ?? ??????? ??? ????"
"rider_display_copy_normalized.csv","product_rider_code","A0302","minor_category","?? ??? ???(3??)","reference","source_tooltip_plain","????????","??? ?????? ?????? ?????? ?????? ?????��????? ?? ?? ??? ??? 3???? ???? ??????? ?????. (???? ?????��??? ?? 1???? 1??? ????? ??? 10????? ????)","??? ?????? ?????? ?????? ?????? ?????��????? ?? ?? ??? ??? 3???? ???? ??????? ?????. ???? ????? ???? ?? 1???? 1???, ??? 10????? ???????.","data.js ?????. ???? ??? ?? ??????? ??? ????"
"rider_display_copy_normalized.csv","product_rider_code","A0303","datajs_rider_id","A0303","rider_row|consult_card","display_description","????","??? ?????? ??? ?????? ???? ????","??? ?????? ??? ?????? ???? ????????.","data.js ?????. ???? ??? ?? ??????? ??? ????"
"rider_display_copy_normalized.csv","product_rider_code","A0303","datajs_rider_id","A0303","consult_card","consult_topic","????","??? ?????? ??? ????","??? ?????? ??? ?????? ???? ??????.","data.js ?????. ???? ??? ?? ??????? ??? ????"
"rider_display_copy_normalized.csv","product_rider_code","A0303","minor_category","??? ?????? ???","reference","source_tooltip_plain","????????","???? ???? ????? ??????? ????????? ??? ???? ??????? ?????. (???? 1? ????)","???? ???? ????? ??????? ????????? ??? ???? ??????? ?????. ???? ???? 1? ???????? ????.","data.js ?????. ???? ??? ?? ??????? ??? ????"
"rider_display_copy_normalized.csv","product_rider_code","A0304","datajs_rider_id","A0304","rider_row|consult_card","display_description","????","??? ???? ??? ??? ??? ??? ???? ???? ????","??? ???? ??? ??? ??? ??? ???? ???? ????????.","data.js ?????. ???? ??? ?? ??????? ??? ????"
"rider_display_copy_normalized.csv","product_rider_code","A0304","datajs_rider_id","A0304","consult_card","consult_topic","????","??? ??? ??? ????","??? ??? ??? ?????? ???? ??????.","data.js ?????. ???? ??? ?? ??????? ??? ????"
"rider_display_copy_normalized.csv","product_rider_code","A0304","minor_category","??? ??? ??????? ???(?????? ??? ??)","reference","source_tooltip_plain","????????","??????? ?????????? ?��???? ??? ??? ?? ??? ??? ??? ??? ??? ???(?????? ??? ??)?? ???? ??????? ?????. (???? 1? ????)","??????? ?????????? ?��???? ??? ??? ?? ??? ??? ??? ??? ??? ???(?????? ??? ??)?? ???? ??????? ?????. ???? ???? 1? ???????? ????.","data.js ?????. ???? ??? ?? ??????? ??? ????"
"rider_display_copy_normalized.csv","product_rider_code","A0305","datajs_rider_id","A0305","rider_row|consult_card","display_description","????","?? ????? ??? ??????? ??? ???? ????","?? ????? ??? ??????? ??? ???? ????????.","data.js ?????. ???? ??? ?? ??????? ??? ????"
"rider_display_copy_normalized.csv","product_rider_code","A0305","datajs_rider_id","A0305","consult_card","consult_topic","????","???? ???? ???? ????","???? ???? ???? ?????? ???? ??????.","data.js ?????. ???? ??? ?? ??????? ??? ????"
"rider_display_copy_normalized.csv","product_rider_code","A0305","minor_category","?? ???? ?? ???? ???(???? ????)","reference","source_tooltip_plain","????????","?????? ???????? ?? ??????? ?????. (???? 1? ????) ????? ??????? ???? ????????? ???? ??, ??? ???? ?????? ????? ???? ?��???????, ????(??????? ???? ???) ???? ???? ??? ???/?? ??? ??????? ??????? ?????. (???????? ???? ?? 1???? 1? ????)","?????? ?????? ??????? ?????. ???? ???? 1? ???????? ????. ????? ??????? ???? ????????? ???? ??, ??? ???? ?????? ????? ???? ?��???????, ????(??????? ???? ???) ???? ???? ??? ???/?? ??? ??????? ??????? ?????. ???????? ???????? ?? 1???? 1? ???????.","data.js ?????. ???? ??? ?? ??????? ??? ????"
"rider_display_copy_normalized.csv","product_rider_code","B0101","datajs_rider_id","B0101","rider_row|consult_card","display_description","????","????????? ???? ?????? ???? ???? ????","????????? ???? ?????? ???? ???? ????????.","data.js ?????. ???? ??? ?? ??????? ??? ????"
"rider_display_copy_normalized.csv","product_rider_code","B0101","datajs_rider_id","B0101","consult_card","consult_topic","????","????????? ???? ????","????????? ???? ?????? ???? ??????.","data.js ?????. ???? ??? ?? ??????? ??? ????"
"rider_display_copy_normalized.csv","product_rider_code","B0101","minor_category","?????????","reference","source_tooltip_plain","????????","?????, ?????? ?? ????????????? ???????? ??? ??????? ?????. (???? 1? ????)","?????, ?????? ?? ????????????? ?????? ??????? ?????. ???? ???? 1? ???????? ????.","data.js ?????. ???? ??? ?? ??????? ??? ????"
"rider_display_copy_normalized.csv","product_rider_code","B0102","datajs_rider_id","B0102","rider_row|consult_card","display_description","????","??????? ???? ?????? ???? ???? ????","??????? ???? ?????? ???? ???? ????????.","data.js ?????. ???? ??? ?? ??????? ??? ????"
"rider_display_copy_normalized.csv","product_rider_code","B0102","datajs_rider_id","B0102","consult_card","consult_topic","????","??????? ???? ????","??????? ???? ?????? ???? ??????.","data.js ?????. ???? ??? ?? ??????? ??? ????"
"rider_display_copy_normalized.csv","product_rider_code","B0102","minor_category","???????","reference","source_tooltip_plain","????????","??????, ????? ?? ??????????? ???????? ??? ??????? ?????. (???? 1? ????)","??????, ????? ?? ??????????? ?????? ??????? ?????. ???? ???? 1? ???????? ????.","data.js ?????. ???? ??? ?? ??????? ??? ????"
"rider_display_copy_normalized.csv","product_rider_code","B0103","datajs_rider_id","B0103","rider_row|consult_card","display_description","????","?????? ???? ?????? ???? ???? ????","?????? ???? ?????? ???? ???? ????????.","data.js ?????. ???? ??? ?? ??????? ??? ????"
"rider_display_copy_normalized.csv","product_rider_code","B0103","datajs_rider_id","B0103","consult_card","consult_topic","????","?????? ???? ????","?????? ???? ?????? ???? ??????.","data.js ?????. ???? ??? ?? ??????? ??? ????"
"rider_display_copy_normalized.csv","product_rider_code","B0103","minor_category","??????","reference","source_tooltip_plain","????????","?????? ??????? ??? ?????? ???? ?? ??????? ?????. (???? 1? ????)","?????? ??????? ??? ?????? ???? ?? ??????? ?????. ???? ???? 1? ???????? ????.","data.js ?????. ???? ??? ?? ??????? ??? ????"
"rider_display_copy_normalized.csv","product_rider_code","B0201","datajs_rider_id","B0201","rider_row|consult_card","display_description","????","?????? ??????? ??? ????? ??? ??? ?��? ???? ????","?????? ??????? ??? ????? ??? ??? ?��? ???? ????????.","data.js ?????. ???? ??? ?? ??????? ??? ????"
"rider_display_copy_normalized.csv","product_rider_code","B0201","datajs_rider_id","B0201","consult_card","consult_topic","????","??? ????? ??? ???? ??? ????","??? ????? ??? ???? ??? ?????? ???? ??????.","data.js ?????. ???? ??? ?? ??????? ??? ????"
"rider_display_copy_normalized.csv","product_rider_code","B0201","minor_category","??? ????? ??? ???? ???","reference","source_tooltip_plain","????????","??? ????? ???(??????????? ??) ???? ???, ????, ???, ????? ???? ??????? ?????. ???????? 1?? ???? ???? ?? ??? ??????? ??? ???????. (???????? ???? ?? 1???? 1? ????, ????? ??? ?? 1???? 15????? ????, ?????? ???? ???? 1??? ????)","??? ????? ???(??????????? ??) ???? ???, ????, ???, ????? ???? ??????? ?????. ???????? 1?? ???? ???? ?? ??? ??????? ??? ???????. (???????? ???? ?? 1???? 1? ????, ????? ??? ?? 1???? 15????? ????, ?????? ???? ???? 1??? ????)","data.js ?????. ???? ??? ?? ??????? ??? ????"
"rider_display_copy_normalized.csv","product_rider_code","B0202","datajs_rider_id","B0202","rider_row|consult_card","display_description","????","??? ??? ?????? ???? ???? ????","??? ??? ?????? ???? ???? ????????.","data.js ?????. ???? ??? ?? ??????? ??? ????"
"rider_display_copy_normalized.csv","product_rider_code","B0202","datajs_rider_id","B0202","consult_card","consult_topic","????","??? ????? ??? ??? ??? ????","??? ????? ??? ??? ??? ?????? ???? ??????.","data.js ?????. ???? ??? ?? ??????? ??? ????"
"rider_display_copy_normalized.csv","product_rider_code","B0202","minor_category","??? ????? ??? ??? ???","reference","source_tooltip_plain","????????","??? ????? ???(??????????? ??) ???? ????, ???????????, ?????????????? ???? ??????? ?????. (???????? ???? ?? 1???? 1? ????)","??? ????? ???(??????????? ??) ???? ????, ???????????, ?????????????? ???? ??????? ?????. ???????? ???????? ?? 1???? 1? ???????.","data.js ?????. ???? ??? ?? ??????? ??? ????"
"rider_display_copy_normalized.csv","product_rider_code","B0203","datajs_rider_id","B0203","rider_row|consult_card","display_description","????","10?? ???? ???????? ??? ????? ??? ???? ????","10?? ???? ???????? ??? ????? ??? ???? ????????.","data.js ?????. ???? ??? ?? ??????? ??? ????"
"rider_display_copy_normalized.csv","product_rider_code","B0203","datajs_rider_id","B0203","consult_card","consult_topic","????","??? ????? ??? ??????? ????","??? ????? ??? ??????? ?????? ???? ??????.","data.js ?????. ???? ??? ?? ??????? ??? ????"
"rider_display_copy_normalized.csv","product_rider_code","B0203","minor_category","??? ????? ??? ???","reference","source_tooltip_plain","????????","??? ????? ???(??????????? ??) ???? ???? ???? ?????��??? 10?? ???? ???????? ??? ??????????? ????, ???????????, ?????????(??????? ???)?? ???? ??????? ?????. (???? ?????��??? ?? 1???? 1??? ????? ??? 10????? ????)","??? ????? ???(??????????? ??) ???? ???? ???? ?????��??? 10?? ???? ???????? ??? ???????? ??? ????, ???????????, ?????????(??????? ???)?? ???? ??????? ?????. ???? ????? ???? ?? 1???? 1???, ??? 10????? ???????.","data.js ?????. ???? ??? ?? ??????? ??? ????"
"rider_display_copy_normalized.csv","product_rider_code","B0204","datajs_rider_id","B0204","rider_row|consult_card","display_description","????","???? ??? ??? ????? ??�� ???? ???? ????","???? ??? ??? ????? ??�� ???? ???? ????????.","data.js ?????. ???? ??? ?? ??????? ??? ????"
"rider_display_copy_normalized.csv","product_rider_code","B0204","datajs_rider_id","B0204","consult_card","consult_topic","????","??? ????? ??? ???? ??? ????","??? ????? ??? ???? ??? ?????? ???? ??????.","data.js ?????. ???? ??? ?? ??????? ??? ????"
"rider_display_copy_normalized.csv","product_rider_code","B0204","minor_category","??? ????? ??? ???? ???","reference","source_tooltip_plain","????????","??? ????? ???(??????????? ??) ????, ????????????, ??????????? ?? ???? ??? ????? 2? ????? ??? ??????? ?????. (???????? ???? ?? 1???? 1? ????)","??? ????? ???(??????????? ??) ????, ????????????, ??????????? ?? ???? ??? ????? 2? ????? ??? ??????? ?????. ???????? ???????? ?? 1???? 1? ???????.","data.js ?????. ???? ??? ?? ??????? ??? ????"
"rider_display_copy_normalized.csv","product_rider_code","C0101","datajs_rider_id","C0101","rider_row|consult_card","display_description","????","?????? 1?��? ??? ?????? ???? ???? ????","?????? 1?��? ??? ?????? ???? ???? ????????.","data.js ?????. ???? ??? ?? ??????? ??? ????"
"rider_display_copy_normalized.csv","product_rider_code","C0101","datajs_rider_id","C0101","consult_card","consult_topic","????","1?��? ??? ????","1?��? ??? ?????? ???? ??????.","data.js ?????. ???? ??? ?? ??????? ??? ????"
"rider_display_copy_normalized.csv","product_rider_code","C0101","minor_category","1?��? ???","reference","source_tooltip_plain","????????","?????????? ??? ????????? 1?��? ??? ?? ?????? 1??? ??????? ?????. (1? ????? 30????? ????)","?????????? ??? ????????? 1?��? ??? ?? ?????? ??�� ??????? ?????. ?? ?? ????? ?? 30????? ???????.","data.js ?????. ???? ??? ?? ??????? ??? ????"
"rider_display_copy_normalized.csv","product_rider_code","C0102","datajs_rider_id","C0102","rider_row|consult_card","display_description","????","2?��? ??? 3?��? ??? ?????? ???? ???? ????","2?��? ??? 3?��? ??? ?????? ???? ???? ????????.","data.js ?????. ???? ??? ?? ??????? ??? ????"
"rider_display_copy_normalized.csv","product_rider_code","C0102","datajs_rider_id","C0102","consult_card","consult_topic","????","2-3?��? ??? ????","2-3?��? ??? ?????? ???? ??????.","data.js ?????. ???? ??? ?? ??????? ??? ????"
"rider_display_copy_normalized.csv","product_rider_code","C0102","minor_category","2-3?��? ???","reference","source_tooltip_plain","????????","?????????? ??? ????????? 2?��? ??? 3?��? ??? ?? ?????? 1??? ??????? ?????. (1? ????? 30????? ????)","?????????? ??? ????????? 2?��? ??? 3?��? ??? ?? ?????? ??�� ??????? ?????. ?? ?? ????? ?? 30????? ???????.","data.js ?????. ???? ??? ?? ??????? ??? ????"
"rider_display_copy_normalized.csv","product_rider_code","D0101","datajs_rider_id","D0101","rider_row|consult_card","display_description","????","??? 180?? ??? ?????? ??? ?????? ???? ????","??? 180?? ??? ?????? ??? ?????? ???? ????????.","data.js ?????. ???? ??? ?? ??????? ??? ????"
"rider_display_copy_normalized.csv","product_rider_code","D0101","datajs_rider_id","D0101","consult_card","consult_topic","????","?????? ??? 180?? ????","?????? ??? 180?? ?????? ???? ??????.","data.js ?????. ???? ??? ?? ??????? ??? ????"
"rider_display_copy_normalized.csv","product_rider_code","D0101","minor_category","??????(180?? ????)","reference","source_tooltip_plain","????????","????????? ??? ?? 1??? ??????? ?????. (1? ????? 180????? ????)","????????? ??? ?? ??�� ??????? ?????. ?? ?? ????? ?? 180????? ???????.","data.js ?????. ???? ??? ?? ??????? ??? ????"
"rider_display_copy_normalized.csv","product_rider_code","D0102","datajs_rider_id","D0102","rider_row|consult_card","display_description","????","181?? ???? ?????? ??? ?????? ???? ???? ????","181?? ???? ?????? ??? ?????? ???? ???? ????????.","data.js ?????. ???? ??? ?? ??????? ??? ????"
"rider_display_copy_normalized.csv","product_rider_code","D0102","datajs_rider_id","D0102","consult_card","consult_topic","????","??? ?????? ??? ????","??? ?????? ??? ?????? ???? ??????.","data.js ?????. ???? ??? ?? ??????? ??? ????"
"rider_display_copy_normalized.csv","product_rider_code","D0102","minor_category","??????(181?? ????)","reference","source_tooltip_plain","????????","??????????? 181?? ??? ???? 181??��???? 1??? ??????? ?????. (1? ????? 185????? ????, ?????/???????/????? ????)","??????????? 181?? ??? ???? 181??��???? ??�� ??????? ?????. (1? ????? 185????? ????, ?????/???????/????? ????)","data.js ?????. ???? ??? ?? ??????? ??? ????"
"rider_display_copy_normalized.csv","product_rider_code","D0103","datajs_rider_id","D0103","rider_row|consult_card","display_description","????","?????????????? ??? ?????? ???? ????","?????????????? ??? ?????? ???? ????????.","data.js ?????. ???? ??? ?? ??????? ??? ????"
"rider_display_copy_normalized.csv","product_rider_code","D0103","datajs_rider_id","D0103","consult_card","consult_topic","????","??????????? ????","??????????? ?????? ???? ??????.","data.js ?????. ???? ??? ?? ??????? ??? ????"
"rider_display_copy_normalized.csv","product_rider_code","D0103","minor_category","???????????","reference","source_tooltip_plain","????????","?????????????? ??? ?? 1??? ??????? ?????. (1? ????? 180????? ????, ????? ????)","?????????????? ??? ?? ??�� ??????? ?????. (1? ????? 180????? ????, ????? ????)","data.js ?????. ???? ??? ?? ??????? ??? ????"
"rider_display_copy_normalized.csv","product_rider_code","E0101","datajs_rider_id","E0101","rider_row|consult_card","display_description","????","???? ?????? ??????? ???? ????? ???? ????","???? ?????? ??????? ???? ????? ???? ????????.","data.js ?????. ???? ??? ?? ??????? ??? ????"
"rider_display_copy_normalized.csv","product_rider_code","E0101","datajs_rider_id","E0101","consult_card","consult_topic","????","????????? ???? ???? ????","????????? ???? ???? ?????? ???? ??????.","data.js ?????. ???? ??? ?? ??????? ??? ????"
"rider_display_copy_normalized.csv","product_rider_code","E0101","minor_category","????????? ????(???? ???? ??????? ???? ????)","reference","source_tooltip_plain","????????","?????? ??? ??? ???? ?????? ??????? ?????? ??????? ?????. (???????? ???? ?? 1???? ????/???? ???? 1? ????, 1?? ????? ????? ??? ???????? ??? ?? 50% ?? ????)","?????? ?????? ???? ?????? ??????? ?????? ??????? ?????. ???????? ???????? ?? 1???? ?????? ????? ???? 1? ???????. ??? 1?? ????? ????? ??? ???????? ?????? 50%?? ???????.","data.js ?????. ???? ??? ?? ??????? ??? ????"
"rider_display_copy_normalized.csv","product_rider_code","E0102","datajs_rider_id","E0102","rider_row|consult_card","display_description","????","???? ?????? ???? ???????? ??????? ????","???? ?????? ???? ???????? ??????? ????????.","data.js ?????. ???? ??? ?? ??????? ??? ????"
"rider_display_copy_normalized.csv","product_rider_code","E0102","datajs_rider_id","E0102","consult_card","consult_topic","????","?��? ???? ?��? ????","?��? ???? ?��? ?????? ???? ??????.","data.js ?????. ???? ??? ?? ??????? ??? ????"
"rider_display_copy_normalized.csv","product_rider_code","E0102","minor_category","?��? ????(???? ?????? ???? ????? ????)","reference","source_tooltip_plain","????????","?????? ??? ??? ? ????????? ?? ???? ??????? ?????. (?????? ??????? 1?, ?????? ?????? ???????? ???? ?? 1???? 1? ????)","?????? ?????? ? ????????? ?? ???? ??????? ?????. ???? ??????? 1?, ???? ?????? ???????? ???????? ?? 1???? 1? ???????.","data.js ?????. ???? ??? ?? ??????? ??? ????"
"rider_display_copy_normalized.csv","product_rider_code","F0101","datajs_rider_id","F0101","rider_row|consult_card","display_description","????","??? ???? ?????? ???? ???? ????","??? ???? ?????? ???? ???? ????????.","data.js ?????. ???? ??? ?? ??????? ??? ????"
"rider_display_copy_normalized.csv","product_rider_code","F0101","datajs_rider_id","F0101","consult_card","consult_topic","????","??? ???? ????","??? ???? ?????? ???? ??????.","data.js ?????. ???? ??? ?? ??????? ??? ????"
"rider_display_copy_normalized.csv","product_rider_code","F0101","minor_category","??? ????","reference","source_tooltip_plain","????????","???? ???????? ?? ??????? ?????. (???? 1? ????)","???? ?????? ??????? ?????. ???? ???? 1? ???????? ????.","data.js ?????. ???? ??? ?? ??????? ??? ????"
"rider_display_copy_normalized.csv","product_rider_code","F0102","datajs_rider_id","F0102","rider_row|consult_card","display_description","????","?�� ???? ???? ??? ?????? ??????? ???? ????","?�� ???? ???? ??? ?????? ??????? ???? ????????.","data.js ?????. ???? ??? ?? ??????? ??? ????"
"rider_display_copy_normalized.csv","product_rider_code","F0102","datajs_rider_id","F0102","consult_card","consult_topic","????","?�� ???? ??? ???? ????","?�� ???? ??? ???? ?????? ???? ??????.","data.js ?????. ???? ??? ?? ??????? ??? ????"
"rider_display_copy_normalized.csv","product_rider_code","F0102","minor_category","??? ????(?�� ??? ??)","reference","source_tooltip_plain","????????","?��?? ?????? ???? ???? ???��??? ???? ???????? ?? ??????? 2??? ?????. ???? ?��?? ???? ???? ???????? ??��?? ???????? ?????? ?????. (???? 1? ????)","?��?? ?????? ???? ???? ???��??? ???? ?????? ??????? 2??? ?????. ???? ?��?? ???? ???? ???????? ???????? ?????? ?????. ???? ???? 1? ???????? ????.","data.js ?????. ???? ??? ?? ??????? ??? ????"
"rider_display_copy_normalized.csv","product_rider_code","F0103","datajs_rider_id","F0103","rider_row|consult_card","display_description","????","??? ???? ???? ???? ????? ?��? ???? ????","??? ???? ???? ???? ????? ?��? ???? ????????.","?????? ??? ?? ????? ???. ?? ?????? source_tooltip_plain ???? CSV ???? ????"
"rider_display_copy_normalized.csv","product_rider_code","F0103","datajs_rider_id","F0103","consult_card","consult_topic","????","??? ???? ??? ????","??? ???? ??? ?????? ???? ??????.","?????? ??? ?? ????? ???. ?? ?????? source_tooltip_plain ???? CSV ???? ????"
"rider_display_copy_normalized.csv","product_rider_code","F0103","minor_category","??? ???? ???(????? ??)","reference","source_tooltip_plain","????????","??? ???? ??? ??? ??? ?? ????????? ???? ???? ????????. ?? ??? ??? ???? ????? ????? ????? ???????.","??? ???? ??? ??? ??? ?? ????????? ???? ???? ????????. ?? ??? ??? ???? ????? ????? ????? ???????.","?????? ??? ?? ????? ???. ?? ?????? source_tooltip_plain ???? CSV ???? ????"
"rider_display_copy_normalized.csv","product_rider_code","F0104","datajs_rider_id","F0104","rider_row|consult_card","display_description","????","??? ??????? ?????? ??? ?????? ???? ???? ????","??? ??????? ?????? ??? ?????? ???? ???? ????????.","data.js ?????. ???? ??? ?? ??????? ??? ????"
"rider_display_copy_normalized.csv","product_rider_code","F0104","datajs_rider_id","F0104","consult_card","consult_topic","????","??? ??? ??? ????","??? ??? ??? ?????? ???? ??????.","data.js ?????. ???? ??? ?? ??????? ??? ????"
"rider_display_copy_normalized.csv","product_rider_code","F0104","minor_category","??? ??? ???","reference","source_tooltip_plain","????????","???? ???? ??? ?? ???????? ??? ???????? ??? ??? ?????? ??????? ?????. (1?? 1?, ???????? ???? ?? 1???? 30????? ????, ????? ????)","???? ???? ??? ?? ???????? ??? ???????? ??? ??? ?????? ??????? ?????. ??? 1???, ???????? ???????? ?? 1???? 30????? ???????. ??? ??????? ???????.","data.js ?????. ???? ??? ?? ??????? ??? ????"
"rider_display_copy_normalized.csv","product_rider_code","G0101","datajs_rider_id","G0101","rider_row|consult_card","display_description","????","?????? ?? ??? ?? ??????? ????? ??? ???? ????","?????? ?? ??? ?? ??????? ????? ??? ???? ????????.","data.js ?????. ???? ??? ?? ??????? ??? ????"
"rider_display_copy_normalized.csv","product_rider_code","G0101","datajs_rider_id","G0101","consult_card","consult_topic","????","???????? ??? ????","???????? ??? ?????? ???? ??????.","data.js ?????. ???? ??? ?? ??????? ??? ????"
"rider_display_copy_normalized.csv","product_rider_code","G0101","minor_category","???????? ???","reference","source_tooltip_plain","????????","???????? ??? ??? ????? ????? ???? ??? ?? ??????? ?????. (??????? ?????? ??? ???????? ???? ?? 1???? 3????? ????)","???????? ??? ??? ????? ????? ???? ??? ?? ??????? ?????. (??????? ?????? ??? ???????? ???? ?? 1???? 3????? ????)","data.js ?????. ???? ??? ?? ??????? ??? ????"
"rider_display_copy_normalized.csv","product_rider_code","G0102","datajs_rider_id","G0102","rider_row|consult_card","display_description","????","???? ?????????? o?? ??? ???? ???? ????","???? ?????????? o?? ??? ???? ???? ????????.","data.js ?????. ???? ??? ?? ??????? ??? ????"
"rider_display_copy_normalized.csv","product_rider_code","G0102","datajs_rider_id","G0102","consult_card","consult_topic","????","???? ??? ????","???? ??? ?????? ???? ??????.","data.js ?????. ???? ??? ?? ??????? ??? ????"
"rider_display_copy_normalized.csv","product_rider_code","G0102","minor_category","???? ???","reference","source_tooltip_plain","????????","???????? ?????? ???????? ??? ???? ???? ???????????? o?? ???? ??? ??????? ?????. (???????? ???? ?? 1???? 1? ????)","???????? ?????? ???????? ??? ???? ???? ???????????? o?? ???? ??? ??????? ?????. ???????? ???????? ?? 1???? 1? ???????.","data.js ?????. ???? ??? ?? ??????? ??? ????"
"rider_display_copy_normalized.csv","product_rider_code","G0103","datajs_rider_id","G0103","rider_row|consult_card","display_description","????","????? ??? ??? ?????? ???? ???? ????","????? ??? ??? ?????? ???? ???? ????????.","data.js ?????. ???? ??? ?? ??????? ??? ????"
"rider_display_copy_normalized.csv","product_rider_code","G0103","datajs_rider_id","G0103","consult_card","consult_topic","????","????? ??? ???? ????","????? ??? ???? ?????? ???? ??????.","data.js ?????. ???? ??? ?? ??????? ??? ????"
"rider_display_copy_normalized.csv","product_rider_code","G0103","minor_category","????? ???(??????, ???, ???????, ??????)","reference","source_tooltip_plain","????????","??????, ???, ??????????? ???? ?????? ?????? ?????? ???? ??? ??????? ?????. (???? 1? ????, ?????? ?????? ??? ???????? ???? ?? 1???? 1? ????, ??????/???/?????? ?????? ??? 1?? ????? ????? ??? ???????? ??? ?? 50% ?? ????)","??????, ???, ??????????? ??????? ?????? ?????? ???? ??? ??????? ?????. (???? 1? ????, ?????? ?????? ??? ???????? ???? ?? 1???? 1? ????, ??????/???/?????? ?????? ??? 1?? ????? ????? ??? ???????? ??? ?? 50% ?? ????)","data.js ?????. ???? ??? ?? ??????? ??? ????"
"rider_helper_normalized.csv","datajs_rider_id","integrated-cancer","product_rider_code","A0101","sticky_guide_bar","helper_text","????","???? ???? ???��? ???? ??? ?????? ??? ?n??????? ???","???? ???? ???��? ???? ??? ?????? ??? ?n???????  ????????.","data.js riders[].helper?? 1:1 ????"
"rider_helper_normalized.csv","datajs_rider_id","integrated-small-cancer","product_rider_code","A0102","sticky_guide_bar","helper_text","????","?????? ??? ?????o?? ???? ????? ?��?????? ????? ????? ???","?????? ??? ?????o?? ???? ????? ?��?????? ????? ?????  ????????.","data.js riders[].helper?? 1:1 ????"
"rider_helper_normalized.csv","datajs_rider_id","general-cancer","product_rider_code","A0103","sticky_guide_bar","helper_text","????","???? ???? ??? ???? ?????? ?? ???????? ??? ???","???? ???? ??? ???? ?????? ?? ???????? ???  ????????.","data.js riders[].helper?? 1:1 ????"
"rider_helper_normalized.csv","datajs_rider_id","integrated-treatment","product_rider_code","A0201","sticky_guide_bar","helper_text","????","???? ?????? ?��? ???????? 1?? ????? ???? ?????? ??? ???? ??? ???","???? ?????? ?��? ???????? 1?? ????? ???? ?????? ??? ???? ???  ????????.","data.js riders[].helper?? 1:1 ????"
"rider_helper_normalized.csv","datajs_rider_id","integrated-treatment-noncovered","product_rider_code","A0202","sticky_guide_bar","helper_text","????","???????????? ??????? ??? ???? ?��??? ???? ???? ??????? ???","???????????? ??????? ??? ???? ?��??? ???? ???? ???????  ????????.","data.js riders[].helper?? 1:1 ????"
"rider_helper_normalized.csv","datajs_rider_id","direct-treatment","product_rider_code","A0203","sticky_guide_bar","helper_text","????","????????? ???? ???? ?? ???? ???? ????? ???? ???","????????? ???? ???? ?? ???? ???? ????? ????  ????????.","data.js riders[].helper?? 1:1 ????"
"rider_helper_normalized.csv","datajs_rider_id","small-direct-treatment","product_rider_code","A0204","sticky_guide_bar","helper_text","????","????? ??????? ???y? ???? ??? ???? ????? ?��? ????? ???","????? ??????? ???y? ???? ??? ???? ????? ?��? ?????  ????????.","data.js riders[].helper?? 1:1 ????"
"rider_helper_normalized.csv","datajs_rider_id","tertiary-treatment","product_rider_code","A0205","sticky_guide_bar","helper_text","????","???? ?????? ??? ???? u???? ??????? ???","???? ?????? ??? ???? u???? ???????  ????????.","data.js riders[].helper?? 1:1 ????"
"rider_helper_normalized.csv","datajs_rider_id","tertiary-treatment-small","product_rider_code","A0206","sticky_guide_bar","helper_text","????","???? ????? ???? ?��??? ??? ??? ?? ?????? ???? ???","???? ????? ???? ?��??? ??? ??? ?? ?????? ????  ????????.","data.js riders[].helper?? 1:1 ????"
"rider_helper_normalized.csv","datajs_rider_id","complex-treatment","product_rider_code","A0207","sticky_guide_bar","helper_text","????","???? ??? ??? ????? ??�� ???? ???? ???","???? ??? ??? ????? ??�� ???? ????  ????????.","data.js riders[].helper?? 1:1 ????"
"rider_helper_normalized.csv","datajs_rider_id","drug-treatment","product_rider_code","A0209","sticky_guide_bar","helper_text","????","??????? ??u?? ???? ??? ???? ?? ?? ??????? ???�X?? ???","??????? ??u?? ???? ??? ???? ?? ?? ??????? ???�X??  ????????.","data.js riders[].helper?? 1:1 ????"
"rider_helper_normalized.csv","datajs_rider_id","radiation-treatment","product_rider_code","A0210","sticky_guide_bar","helper_text","????","?????? ?????? ????? ???? ???? ???? ???","?????? ?????? ????? ???? ???? ????  ????????.","data.js riders[].helper?? 1:1 ????"
"rider_helper_normalized.csv","datajs_rider_id","premium-treatment","product_rider_code","A0301","sticky_guide_bar","helper_text","????","??? ??? ??? ???? ???? ????? ?? ???? ????? ???","??? ??? ??? ???? ???? ????? ?? ???? ?????  ????????.","data.js riders[].helper?? 1:1 ????"
