source_csv,match_key,match_value,secondary_key,secondary_value,used_in_surface,text_column,text_type,current_text,추천문구,operator_note
term_dictionary_normalized.csv,term_id,integratedCancer,term_label,통합암,bottom_sheet|inline_highlight,term_label,변동,통합암,,rider_catalog의 minor_category=통합암과 직접 매칭
term_dictionary_normalized.csv,term_id,integratedCancer,term_label,통합암,bottom_sheet|inline_highlight,aliases_csv,변동,통합암,,rider_catalog의 minor_category=통합암과 직접 매칭
term_dictionary_normalized.csv,term_id,integratedCancer,term_label,통합암,bottom_sheet|inline_highlight,plain_summary,변동,암 종류가 달라지면 같은 사람에게도 다시 보장을 받을 수 있는 구조입니다.,? ??? ??? ?? ??? ?? ???? ? ???.,rider_catalog의 minor_category=통합암과 직접 매칭
term_dictionary_normalized.csv,term_id,integratedCancer,term_label,통합암,bottom_sheet|inline_highlight,why_it_matters,변동,처음 한 번만 끝나는 보장과 달리 약관에서 정한 다른 암 종류가 나오면 추가 보장 가능성을 볼 수 있습니다.,"? ??? ??? ??? ??, ?? ? ??? ??? ?? ????? ?? ? ? ???.",rider_catalog의 minor_category=통합암과 직접 매칭
term_dictionary_normalized.csv,term_id,integratedCancer,term_label,통합암,bottom_sheet|inline_highlight,fit_case,변동,한 번의 진단보다 암 종류별 보장 구조 차이를 함께 보고 싶은 경우 검토할 수 있습니다.,"?? ? ?? ?????, ? ???? ?? ??? ??? ? ?? ?? ???.",rider_catalog의 minor_category=통합암과 직접 매칭
term_dictionary_normalized.csv,term_id,integratedCancer,term_label,통합암,bottom_sheet|inline_highlight,caution,변동,같은 암 종류인지 전이암을 어떻게 보는지는 약관 기준을 따릅니다. 보장 횟수만 보고 단정하면 안 됩니다.,"?? ??? ???, ???? ??? ???? ??? ?? ????. ?? ??? ?? ???? ?? ? ???.",rider_catalog의 minor_category=통합암과 직접 매칭
term_dictionary_normalized.csv,term_id,integratedCancer,term_label,통합암,bottom_sheet|inline_highlight,detail_example,변동,예: 위암 보장 후 나중에 폐암 진단을 받으면 다른 암 종류로 다시 보장될 수 있습니다.,?: ???? ???? ? ??? ??? ??? ?? ? ??? ?? ??? ? ???.,rider_catalog의 minor_category=통합암과 직접 매칭
term_dictionary_normalized.csv,term_id,integratedCancer,term_label,통합암,bottom_sheet|inline_highlight,compare_target_ids_csv,변동,integratedCancer-vs-generalCancer,,rider_catalog의 minor_category=통합암과 직접 매칭
term_dictionary_normalized.csv,term_id,integratedCancer,term_label,통합암,bottom_sheet|inline_highlight,legal_notice,고정성격강함,자세한 기준은 약관을 꼭 확인해 주세요.,,rider_catalog의 minor_category=통합암과 직접 매칭
term_dictionary_normalized.csv,term_id,smallCancer,term_label,소액암,bottom_sheet|inline_highlight,term_label,변동,소액암,,rider_catalog의 여러 소액암 관련 minor_category와 매칭
term_dictionary_normalized.csv,term_id,smallCancer,term_label,소액암,bottom_sheet|inline_highlight,aliases_csv,변동,소액암|통합소액암,,rider_catalog의 여러 소액암 관련 minor_category와 매칭
term_dictionary_normalized.csv,term_id,smallCancer,term_label,소액암,bottom_sheet|inline_highlight,plain_summary,변동,갑상선암 초기 유방암처럼 약관상 비교적 작은 범위로 분류된 암입니다.,?????? ?? ????? ??? ?? ??? ?? ?? ????.,rider_catalog의 여러 소액암 관련 minor_category와 매칭
term_dictionary_normalized.csv,term_id,smallCancer,term_label,소액암,bottom_sheet|inline_highlight,why_it_matters,변동,일반암과 보장 금액이나 횟수 기준이 다를 수 있어 같은 암 보장처럼 보여도 실제 구조는 달라질 수 있습니다.,"???? ?? ???? ??? ?? ? ???, ?? ? ???? ??? ??? ?? ? ???.",rider_catalog의 여러 소액암 관련 minor_category와 매칭
term_dictionary_normalized.csv,term_id,smallCancer,term_label,소액암,bottom_sheet|inline_highlight,fit_case,변동,일반암과 소액암이 함께 보일 때 어느 보장이 줄어드는지 확인하고 싶은 경우 도움이 됩니다.,???? ???? ?? ?? ? ?? ??? ????? ???? ??? ?? ?? ???.,rider_catalog의 여러 소액암 관련 minor_category와 매칭
term_dictionary_normalized.csv,term_id,smallCancer,term_label,소액암,bottom_sheet|inline_highlight,caution,변동,어떤 암이 소액암에 들어가는지는 상품별 약관에 따라 다를 수 있습니다.,?? ?? ????? ???? ?? ??? ?? ??? ? ???.,rider_catalog의 여러 소액암 관련 minor_category와 매칭
term_dictionary_normalized.csv,term_id,smallCancer,term_label,소액암,bottom_sheet|inline_highlight,detail_example,변동,예: 갑상선암 기타 피부암 초기 유방암 등은 일반암과 구분해 다루는 경우가 있습니다.,"?: ????, ?? ???, ?? ???? ???? ?? ???? ?? ??? ???.",rider_catalog의 여러 소액암 관련 minor_category와 매칭
term_dictionary_normalized.csv,term_id,smallCancer,term_label,소액암,bottom_sheet|inline_highlight,compare_target_ids_csv,변동,smallCancer-vs-generalCancer,,rider_catalog의 여러 소액암 관련 minor_category와 매칭
term_dictionary_normalized.csv,term_id,smallCancer,term_label,소액암,bottom_sheet|inline_highlight,legal_notice,고정성격강함,자세한 기준은 약관을 꼭 확인해 주세요.,,rider_catalog의 여러 소액암 관련 minor_category와 매칭
term_dictionary_normalized.csv,term_id,generalCancer,term_label,일반암,bottom_sheet|inline_highlight,term_label,변동,일반암,,rider_catalog의 minor_category=일반암과 직접 매칭
term_dictionary_normalized.csv,term_id,generalCancer,term_label,일반암,bottom_sheet|inline_highlight,aliases_csv,변동,일반암,,rider_catalog의 minor_category=일반암과 직접 매칭
term_dictionary_normalized.csv,term_id,generalCancer,term_label,일반암,bottom_sheet|inline_highlight,plain_summary,변동,암 진단 시 가장 기본이 되는 1회성 진단 보장입니다.,? ?? ? ?? ??? ?? 1? ?????.,rider_catalog의 minor_category=일반암과 직접 매칭
term_dictionary_normalized.csv,term_id,generalCancer,term_label,일반암,bottom_sheet|inline_highlight,why_it_matters,변동,다른 암 보장 특약을 볼 때 기준점 역할을 해 통합암이나 소액암과 비교할 때 자주 함께 봅니다.,?? ? ??? ? ? ???? ?? ????? ???? ?? ?? ??? ???.,rider_catalog의 minor_category=일반암과 직접 매칭
term_dictionary_normalized.csv,term_id,generalCancer,term_label,일반암,bottom_sheet|inline_highlight,fit_case,변동,복잡한 구조보다 기본 진단 보장을 먼저 이해하고 싶은 경우 출발점이 됩니다.,??? ???? ?? ? ?? ???? ???? ?? ? ?? ?? ???.,rider_catalog의 minor_category=일반암과 직접 매칭
term_dictionary_normalized.csv,term_id,generalCancer,term_label,일반암,bottom_sheet|inline_highlight,caution,변동,최초 1회 보장인지 암 종류별로 다시 보장되는지 여부는 통합암과 다릅니다.,"?? 1? ????, ? ???? ?? ?????? ???? ???.",rider_catalog의 minor_category=일반암과 직접 매칭
term_dictionary_normalized.csv,term_id,generalCancer,term_label,일반암,bottom_sheet|inline_highlight,detail_example,변동,예: 일반암은 암 진단 시 1회 보장 구조로 제시되는 경우가 많습니다.,?: ???? ? ?? ? ? ? ???? ??? ?? ??? ???.,rider_catalog의 minor_category=일반암과 직접 매칭
term_dictionary_normalized.csv,term_id,generalCancer,term_label,일반암,bottom_sheet|inline_highlight,compare_target_ids_csv,변동,integratedCancer-vs-generalCancer,,rider_catalog의 minor_category=일반암과 직접 매칭
term_dictionary_normalized.csv,term_id,generalCancer,term_label,일반암,bottom_sheet|inline_highlight,legal_notice,고정성격강함,자세한 기준은 약관을 꼭 확인해 주세요.,,rider_catalog의 minor_category=일반암과 직접 매칭
term_dictionary_normalized.csv,term_id,nonCovered,term_label,비급여,bottom_sheet|inline_highlight,term_label,변동,비급여,,rider_catalog의 비급여 포함 minor_category와 매칭
term_dictionary_normalized.csv,term_id,nonCovered,term_label,비급여,bottom_sheet|inline_highlight,aliases_csv,변동,비급여,,rider_catalog의 비급여 포함 minor_category와 매칭
term_dictionary_normalized.csv,term_id,nonCovered,term_label,비급여,bottom_sheet|inline_highlight,plain_summary,변동,국민건강보험이 적용되지 않는 치료를 뜻합니다.,????? ???? ?? ??? ???.,rider_catalog의 비급여 포함 minor_category와 매칭
term_dictionary_normalized.csv,term_id,nonCovered,term_label,비급여,bottom_sheet|inline_highlight,why_it_matters,변동,같은 치료라도 건강보험이 적용되는지에 따라 실제 본인 부담이 크게 달라질 수 있습니다.,?? ???? ???? ?? ??? ?? ?? ??? ?? ??? ? ???.,rider_catalog의 비급여 포함 minor_category와 매칭
term_dictionary_normalized.csv,term_id,nonCovered,term_label,비급여,bottom_sheet|inline_highlight,fit_case,변동,치료비 부담 관점에서 보장을 보고 싶은 경우 비급여 포함 여부를 함께 살펴보면 됩니다.,??? ???? ?? ?? ??? ???? ????? ?? ?? ???.,rider_catalog의 비급여 포함 minor_category와 매칭
term_dictionary_normalized.csv,term_id,nonCovered,term_label,비급여,bottom_sheet|inline_highlight,caution,변동,비급여가 모두 보장되는 것은 아니며 어떤 치료와 어느 병원 범위까지 보는지는 약관 기준이 중요합니다.,???? ?? ???? ? ????. ?? ??? ?? ??? ???? ??? ?? ???? ??.,rider_catalog의 비급여 포함 minor_category와 매칭
term_dictionary_normalized.csv,term_id,nonCovered,term_label,비급여,bottom_sheet|inline_highlight,detail_example,변동,예: 건강보험 대상이 아니거나 기준을 넘겨 전액 본인부담이 된 치료비를 말합니다.,?: ???? ??? ???? ??? ?? ??? ?? ??? ???? ???.,rider_catalog의 비급여 포함 minor_category와 매칭
term_dictionary_normalized.csv,term_id,nonCovered,term_label,비급여,bottom_sheet|inline_highlight,compare_target_ids_csv,변동,integratedTreatment-vs-nonCoveredTreatment,,rider_catalog의 비급여 포함 minor_category와 매칭
term_dictionary_normalized.csv,term_id,nonCovered,term_label,비급여,bottom_sheet|inline_highlight,legal_notice,고정성격강함,자세한 기준은 약관을 꼭 확인해 주세요.,,rider_catalog의 비급여 포함 minor_category와 매칭
term_dictionary_normalized.csv,term_id,tertiaryHospital,term_label,상급종합병원,bottom_sheet|inline_highlight,term_label,변동,상급종합병원,,rider_catalog의 상급병원 minor_category와 매칭
term_dictionary_normalized.csv,term_id,tertiaryHospital,term_label,상급종합병원,bottom_sheet|inline_highlight,aliases_csv,변동,상급종합병원|상급병원,,rider_catalog의 상급병원 minor_category와 매칭
term_dictionary_normalized.csv,term_id,tertiaryHospital,term_label,상급종합병원,bottom_sheet|inline_highlight,plain_summary,변동,정부 기준에 따라 상급종합병원으로 지정된 병원에서의 치료를 뜻합니다.,?? ???? ???????? ??? ???? ?? ??? ???.,rider_catalog의 상급병원 minor_category와 매칭
term_dictionary_normalized.csv,term_id,tertiaryHospital,term_label,상급종합병원,bottom_sheet|inline_highlight,why_it_matters,변동,같은 암 치료 보장이어도 상급종합병원 조건이 붙으면 병원 범위가 좁아질 수 있습니다.,?? ? ?? ????? ?????? ??? ??? ?? ??? ? ??? ? ???.,rider_catalog의 상급병원 minor_category와 매칭
term_dictionary_normalized.csv,term_id,tertiaryHospital,term_label,상급종합병원,bottom_sheet|inline_highlight,fit_case,변동,치료를 주로 대형 상급병원에서 받을 가능성을 생각하며 병원 조건을 확인하고 싶은 경우 볼 수 있습니다.,?? ? ?????? ???? ???? ???? ?? ??? ?? ?? ? ?? ?? ???.,rider_catalog의 상급병원 minor_category와 매칭
term_dictionary_normalized.csv,term_id,tertiaryHospital,term_label,상급종합병원,bottom_sheet|inline_highlight,caution,변동,단순히 큰 병원이라는 뜻은 아니며 지정 병원인지 여부가 중요합니다.,??? ? ????? ?? ????. ??? ????? ????.,rider_catalog의 상급병원 minor_category와 매칭
term_dictionary_normalized.csv,term_id,tertiaryHospital,term_label,상급종합병원,bottom_sheet|inline_highlight,detail_example,변동,예: 서울아산병원 삼성서울병원 서울대병원처럼 상급종합병원으로 지정된 병원이 있습니다.,"?: ??????, ??????, ??????? ??? ??? ??? ????.",rider_catalog의 상급병원 minor_category와 매칭
term_dictionary_normalized.csv,term_id,tertiaryHospital,term_label,상급종합병원,bottom_sheet|inline_highlight,compare_target_ids_csv,변동,treatment-vs-tertiaryTreatment,,rider_catalog의 상급병원 minor_category와 매칭
term_dictionary_normalized.csv,term_id,tertiaryHospital,term_label,상급종합병원,bottom_sheet|inline_highlight,legal_notice,고정성격강함,자세한 기준은 약관을 꼭 확인해 주세요.,,rider_catalog의 상급병원 minor_category와 매칭
term_dictionary_normalized.csv,term_id,directTreatment,term_label,직접치료,bottom_sheet|inline_highlight,term_label,변동,직접치료,,rider_catalog의 직접치료 성격 minor_category들과 매칭
term_dictionary_normalized.csv,term_id,directTreatment,term_label,직접치료,bottom_sheet|inline_highlight,aliases_csv,변동,직접치료,,rider_catalog의 직접치료 성격 minor_category들과 매칭
term_dictionary_normalized.csv,term_id,directTreatment,term_label,직접치료,bottom_sheet|inline_highlight,plain_summary,변동,암을 직접 치료하기 위한 수술 방사선 약물치료 등을 말합니다.,"?? ?? ???? ??, ?????, ???? ?? ???.",rider_catalog의 직접치료 성격 minor_category들과 매칭
term_dictionary_normalized.csv,term_id,directTreatment,term_label,직접치료,bottom_sheet|inline_highlight,why_it_matters,변동,단순 검사나 추적 관찰과 구분해 실제 치료 행위 중심으로 보장을 보는 구조라서 지급 조건이 달라질 수 있습니다.,??? ?? ???? ??? ?? ?? ??? ???? ?? ?? ??? ??? ? ???.,rider_catalog의 직접치료 성격 minor_category들과 매칭
term_dictionary_normalized.csv,term_id,directTreatment,term_label,직접치료,bottom_sheet|inline_highlight,fit_case,변동,진단 이후 어떤 치료가 보장 기준에 들어가는지 확인하고 싶은 경우 도움이 됩니다.,?? ? ?? ??? ?? ??? ????? ?? ?? ? ?? ?? ???.,rider_catalog의 직접치료 성격 minor_category들과 매칭
term_dictionary_normalized.csv,term_id,directTreatment,term_label,직접치료,bottom_sheet|inline_highlight,caution,변동,어떤 행위가 직접치료에 해당하는지는 약관과 진료 내용 기준을 따릅니다.,?? ??? ????? ???? ??? ?? ?? ??? ?? ????.,rider_catalog의 직접치료 성격 minor_category들과 매칭
term_dictionary_normalized.csv,term_id,directTreatment,term_label,직접치료,bottom_sheet|inline_highlight,detail_example,변동,예: 수술 항암약물치료 항암방사선치료는 직접치료 범주로 제시되는 경우가 많습니다.,"?: ??, ??????, ???????? ????? ?? ??? ???.",rider_catalog의 직접치료 성격 minor_category들과 매칭
term_dictionary_normalized.csv,term_id,directTreatment,term_label,직접치료,bottom_sheet|inline_highlight,compare_target_ids_csv,변동,integratedTreatment-vs-directTreatment,,rider_catalog의 직접치료 성격 minor_category들과 매칭
term_dictionary_normalized.csv,term_id,directTreatment,term_label,직접치료,bottom_sheet|inline_highlight,legal_notice,고정성격강함,자세한 기준은 약관을 꼭 확인해 주세요.,,rider_catalog의 직접치료 성격 minor_category들과 매칭
term_dictionary_normalized.csv,term_id,antiCancerDrug,term_label,항암약물치료,bottom_sheet|inline_highlight,term_label,변동,항암약물치료,,rider_catalog의 minor_category=항암 약물 치료와 직접 매칭
term_dictionary_normalized.csv,term_id,antiCancerDrug,term_label,항암약물치료,bottom_sheet|inline_highlight,aliases_csv,변동,항암약물치료|항암 약물 치료,,rider_catalog의 minor_category=항암 약물 치료와 직접 매칭
term_dictionary_normalized.csv,term_id,antiCancerDrug,term_label,항암약물치료,bottom_sheet|inline_highlight,plain_summary,변동,암을 직접 치료하기 위해 약물을 투여하는 치료입니다.,?? ?? ????? ??? ???? ????.,rider_catalog의 minor_category=항암 약물 치료와 직접 매칭
term_dictionary_normalized.csv,term_id,antiCancerDrug,term_label,항암약물치료,bottom_sheet|inline_highlight,why_it_matters,변동,직접치료 특약 안에 포함되는지 별도 1회 보장인지에 따라 비교 포인트가 달라집니다.,"???? ?? ?????, ????? ?? ?????? ?? ?? ???? ????.",rider_catalog의 minor_category=항암 약물 치료와 직접 매칭
term_dictionary_normalized.csv,term_id,antiCancerDrug,term_label,항암약물치료,bottom_sheet|inline_highlight,fit_case,변동,특정 치료 하나를 따로 보는 구조인지 통합 치료 안에 묶인 구조인지 확인하고 싶은 경우 유용합니다.,"????? ?? ???, ?? ?? ??? ?? ??? ??? ? ??? ??.",rider_catalog의 minor_category=항암 약물 치료와 직접 매칭
term_dictionary_normalized.csv,term_id,antiCancerDrug,term_label,항암약물치료,bottom_sheet|inline_highlight,caution,변동,어떤 약물과 어떤 상황이 해당하는지는 약관 기준을 따릅니다.,?? ??? ?? ??? ?????? ?? ??? ???.,rider_catalog의 minor_category=항암 약물 치료와 직접 매칭
term_dictionary_normalized.csv,term_id,antiCancerDrug,term_label,항암약물치료,bottom_sheet|inline_highlight,detail_example,변동,예: 항암 치료를 약물 중심으로 볼지 통합 치료 구조에서 볼지 비교할 수 있습니다.,"?: ?? ??? ?? ???? ??, ?? ?? ???? ?? ??? ? ???.",rider_catalog의 minor_category=항암 약물 치료와 직접 매칭
term_dictionary_normalized.csv,term_id,antiCancerDrug,term_label,항암약물치료,bottom_sheet|inline_highlight,compare_target_ids_csv,변동,directTreatment-vs-drugRadiation,,rider_catalog의 minor_category=항암 약물 치료와 직접 매칭
term_dictionary_normalized.csv,term_id,antiCancerDrug,term_label,항암약물치료,bottom_sheet|inline_highlight,legal_notice,고정성격강함,자세한 기준은 약관을 꼭 확인해 주세요.,,rider_catalog의 minor_category=항암 약물 치료와 직접 매칭
term_dictionary_normalized.csv,term_id,antiCancerRadiation,term_label,항암방사선치료,bottom_sheet|inline_highlight,term_label,변동,항암방사선치료,,rider_catalog의 minor_category=항암 방사선 치료와 직접 매칭
term_dictionary_normalized.csv,term_id,antiCancerRadiation,term_label,항암방사선치료,bottom_sheet|inline_highlight,aliases_csv,변동,항암방사선치료|항암 방사선 치료,,rider_catalog의 minor_category=항암 방사선 치료와 직접 매칭
term_dictionary_normalized.csv,term_id,antiCancerRadiation,term_label,항암방사선치료,bottom_sheet|inline_highlight,plain_summary,변동,암을 직접 치료하기 위해 방사선을 사용하는 치료입니다.,?? ?? ????? ???? ?? ????.,rider_catalog의 minor_category=항암 방사선 치료와 직접 매칭
term_dictionary_normalized.csv,term_id,antiCancerRadiation,term_label,항암방사선치료,bottom_sheet|inline_highlight,why_it_matters,변동,직접치료와 유사해 보이지만 이 특약은 방사선 치료 자체를 별도로 보는 경우가 많습니다.,"????? ??? ???, ????? ??? ?? ?? ??? ? ???.",rider_catalog의 minor_category=항암 방사선 치료와 직접 매칭
term_dictionary_normalized.csv,term_id,antiCancerRadiation,term_label,항암방사선치료,bottom_sheet|inline_highlight,fit_case,변동,특정 치료별 보장 여부를 분리해서 보고 싶은 경우 확인할 수 있습니다.,????? ??? ?? ?? ??? ???? ?? ? ?? ?? ???.,rider_catalog의 minor_category=항암 방사선 치료와 직접 매칭
term_dictionary_normalized.csv,term_id,antiCancerRadiation,term_label,항암방사선치료,bottom_sheet|inline_highlight,caution,변동,치료 목적과 인정 기준은 약관을 따르므로 이름만 보고 범위를 넓게 해석하면 안 됩니다.,?? ??? ?? ??? ??? ?? ????. ??? ?? ?? ???? ? ??.,rider_catalog의 minor_category=항암 방사선 치료와 직접 매칭
term_dictionary_normalized.csv,term_id,antiCancerRadiation,term_label,항암방사선치료,bottom_sheet|inline_highlight,detail_example,변동,예: 방사선 치료는 약물치료와 함께 별도 특약으로 제시되기도 합니다.,?: ?????? ????? ?? ?? ???? ?? ??? ???.,rider_catalog의 minor_category=항암 방사선 치료와 직접 매칭
term_dictionary_normalized.csv,term_id,antiCancerRadiation,term_label,항암방사선치료,bottom_sheet|inline_highlight,compare_target_ids_csv,변동,directTreatment-vs-drugRadiation,,rider_catalog의 minor_category=항암 방사선 치료와 직접 매칭
term_dictionary_normalized.csv,term_id,antiCancerRadiation,term_label,항암방사선치료,bottom_sheet|inline_highlight,legal_notice,고정성격강함,자세한 기준은 약관을 꼭 확인해 주세요.,,rider_catalog의 minor_category=항암 방사선 치료와 직접 매칭
comparison_mapping_normalized.csv,comparison_id,integratedCancer-vs-generalCancer,used_in_surface,comparison_drawer,comparison_drawer,left_title,변동,통합암,,data.js comparisons['integratedCancer-vs-generalCancer']와 1:1 매핑
comparison_mapping_normalized.csv,comparison_id,integratedCancer-vs-generalCancer,used_in_surface,comparison_drawer,comparison_drawer,left_fit_case,변동,암 종류별로 다시 보장되는 구조 차이를 함께 보고 싶은 경우,? ???? ?? ???? ??? ??? ? ?? ?? ???.,data.js comparisons['integratedCancer-vs-generalCancer']와 1:1 매핑
comparison_mapping_normalized.csv,comparison_id,integratedCancer-vs-generalCancer,used_in_surface,comparison_drawer,comparison_drawer,right_title,변동,일반암,,data.js comparisons['integratedCancer-vs-generalCancer']와 1:1 매핑
comparison_mapping_normalized.csv,comparison_id,integratedCancer-vs-generalCancer,used_in_surface,comparison_drawer,comparison_drawer,right_fit_case,변동,기본 진단 보장을 먼저 이해하고 싶은 경우,?? ? ?? ??? ?? ???? ?? ? ?? ???.,data.js comparisons['integratedCancer-vs-generalCancer']와 1:1 매핑
comparison_mapping_normalized.csv,comparison_id,integratedCancer-vs-generalCancer,used_in_surface,comparison_drawer,comparison_drawer,difference_point_1,변동,통합암은 다른 암 종류로 다시 보장될 수 있는 구조를 봅니다.,???? ?? ? ??? ??? ?? ???? ??? ?? ??.,data.js comparisons['integratedCancer-vs-generalCancer']와 1:1 매핑
comparison_mapping_normalized.csv,comparison_id,integratedCancer-vs-generalCancer,used_in_surface,comparison_drawer,comparison_drawer,difference_point_2,변동,일반암은 보통 최초 1회 진단 보장으로 이해하면 됩니다.,???? ?? ? ?? ? ? ? ???? ??? ???? ??.,data.js comparisons['integratedCancer-vs-generalCancer']와 1:1 매핑
comparison_mapping_normalized.csv,comparison_id,integratedCancer-vs-generalCancer,used_in_surface,comparison_drawer,comparison_drawer,difference_point_3,변동,둘 다 암 진단을 다루지만 보장 횟수와 분류 기준이 다릅니다.,"? ? ? ??? ????, ?? ??? ?? ??? ???.",data.js comparisons['integratedCancer-vs-generalCancer']와 1:1 매핑
comparison_mapping_normalized.csv,comparison_id,integratedCancer-vs-generalCancer,used_in_surface,comparison_drawer,comparison_drawer,legal_notice,고정성격강함,같은 암 종류의 범위와 전이 포함 여부는 약관을 꼭 확인해 주세요.,?? ? ??? ?? ?? ??? ???? ? ??? ???.,data.js comparisons['integratedCancer-vs-generalCancer']와 1:1 매핑
comparison_mapping_normalized.csv,comparison_id,smallCancer-vs-generalCancer,used_in_surface,comparison_drawer,comparison_drawer,left_title,변동,소액암,,data.js comparisons['smallCancer-vs-generalCancer']와 1:1 매핑
comparison_mapping_normalized.csv,comparison_id,smallCancer-vs-generalCancer,used_in_surface,comparison_drawer,comparison_drawer,left_fit_case,변동,갑상선암 초기 유방암처럼 작은 범주 분류가 궁금한 경우,?????? ?? ????? ?? ??? ??? ??? ??? ? ?? ?? ???.,data.js comparisons['smallCancer-vs-generalCancer']와 1:1 매핑
comparison_mapping_normalized.csv,comparison_id,smallCancer-vs-generalCancer,used_in_surface,comparison_drawer,comparison_drawer,right_title,변동,일반암,,data.js comparisons['smallCancer-vs-generalCancer']와 1:1 매핑
comparison_mapping_normalized.csv,comparison_id,smallCancer-vs-generalCancer,used_in_surface,comparison_drawer,comparison_drawer,right_fit_case,변동,기본 암 진단 보장을 먼저 이해하고 싶은 경우,?? ? ?? ??? ?? ???? ?? ? ?? ???.,data.js comparisons['smallCancer-vs-generalCancer']와 1:1 매핑
comparison_mapping_normalized.csv,comparison_id,smallCancer-vs-generalCancer,used_in_surface,comparison_drawer,comparison_drawer,difference_point_1,변동,소액암은 일반암보다 보장 금액이 작게 잡히는 구조가 많습니다.,???? ????? ?? ??? ? ?? ??? ??? ???.,data.js comparisons['smallCancer-vs-generalCancer']와 1:1 매핑
comparison_mapping_normalized.csv,comparison_id,smallCancer-vs-generalCancer,used_in_surface,comparison_drawer,comparison_drawer,difference_point_2,변동,일반암은 기본 진단 보장 기준점 역할을 하고 소액암은 별도 분류를 확인해야 합니다.,"???? ??? ?? ?? ????, ???? ?? ???? ???? ??.",data.js comparisons['smallCancer-vs-generalCancer']와 1:1 매핑
comparison_mapping_normalized.csv,comparison_id,smallCancer-vs-generalCancer,used_in_surface,comparison_drawer,comparison_drawer,difference_point_3,변동,같은 암 보장처럼 보여도 어떤 암이 어느 범주에 들어가는지가 핵심 차이입니다.,?? ? ???? ??? ?? ?? ?? ??? ?????? ?? ????.,data.js comparisons['smallCancer-vs-generalCancer']와 1:1 매핑
comparison_mapping_normalized.csv,comparison_id,smallCancer-vs-generalCancer,used_in_surface,comparison_drawer,comparison_drawer,legal_notice,고정성격강함,소액암으로 보는 암 종류와 보장 비율은 약관을 꼭 확인해 주세요.,????? ?? ? ??? ?? ??? ???? ? ??? ???.,data.js comparisons['smallCancer-vs-generalCancer']와 1:1 매핑
comparison_mapping_normalized.csv,comparison_id,integratedTreatment-vs-directTreatment,used_in_surface,comparison_drawer,comparison_drawer,left_title,변동,암 통합 치료,,data.js comparisons['integratedTreatment-vs-directTreatment']와 1:1 매핑
comparison_mapping_normalized.csv,comparison_id,integratedTreatment-vs-directTreatment,used_in_surface,comparison_drawer,comparison_drawer,left_fit_case,변동,검사 수술 약물치료 재활까지 넓게 보는 구조를 확인하고 싶은 경우,???? ???? ?? ?? ??? ??? ? ?? ?? ???.,data.js comparisons['integratedTreatment-vs-directTreatment']와 1:1 매핑
comparison_mapping_normalized.csv,comparison_id,integratedTreatment-vs-directTreatment,used_in_surface,comparison_drawer,comparison_drawer,right_title,변동,암 치료,,data.js comparisons['integratedTreatment-vs-directTreatment']와 1:1 매핑
comparison_mapping_normalized.csv,comparison_id,integratedTreatment-vs-directTreatment,used_in_surface,comparison_drawer,comparison_drawer,right_fit_case,변동,직접치료 중심으로 연간 보장 구조를 보고 싶은 경우,???? ???? ?? ??? ?? ?? ? ?? ???.,data.js comparisons['integratedTreatment-vs-directTreatment']와 1:1 매핑
comparison_mapping_normalized.csv,comparison_id,integratedTreatment-vs-directTreatment,used_in_surface,comparison_drawer,comparison_drawer,difference_point_1,변동,암 통합 치료는 검사 수술 재활까지 더 넓게 묶어 설명됩니다.,"? ?? ??? ??, ??, ???? ? ?? ??? ??.",data.js comparisons['integratedTreatment-vs-directTreatment']와 1:1 매핑
comparison_mapping_normalized.csv,comparison_id,integratedTreatment-vs-directTreatment,used_in_surface,comparison_drawer,comparison_drawer,difference_point_2,변동,암 치료는 직접치료 중심으로 10년 동안 연 단위 보장을 보는 구조입니다.,? ??? ????? ???? ?? ?? ?? ??? ??.,data.js comparisons['integratedTreatment-vs-directTreatment']와 1:1 매핑
comparison_mapping_normalized.csv,comparison_id,integratedTreatment-vs-directTreatment,used_in_surface,comparison_drawer,comparison_drawer,difference_point_3,변동,보장 범위가 넓어 보이더라도 지급 단위와 한도는 별도로 봐야 합니다.,?? ??? ?? ??? ?? ??? ??? ?? ???? ??.,data.js comparisons['integratedTreatment-vs-directTreatment']와 1:1 매핑
comparison_mapping_normalized.csv,comparison_id,integratedTreatment-vs-directTreatment,used_in_surface,comparison_drawer,comparison_drawer,legal_notice,고정성격강함,어떤 치료가 포함되는지와 보장 한도는 약관을 꼭 확인해 주세요.,?? ??? ?????? ?? ??? ???? ? ??? ???.,data.js comparisons['integratedTreatment-vs-directTreatment']와 1:1 매핑
comparison_mapping_normalized.csv,comparison_id,integratedTreatment-vs-nonCoveredTreatment,used_in_surface,comparison_drawer,comparison_drawer,left_title,변동,암 통합 치료,,data.js comparisons['integratedTreatment-vs-nonCoveredTreatment']와 1:1 매핑
comparison_mapping_normalized.csv,comparison_id,integratedTreatment-vs-nonCoveredTreatment,used_in_surface,comparison_drawer,comparison_drawer,left_fit_case,변동,기본 통합 치료 구조를 먼저 이해하고 싶은 경우,?? ?? ?? ??? ?? ???? ?? ? ?? ???.,data.js comparisons['integratedTreatment-vs-nonCoveredTreatment']와 1:1 매핑
comparison_mapping_normalized.csv,comparison_id,integratedTreatment-vs-nonCoveredTreatment,used_in_surface,comparison_drawer,comparison_drawer,right_title,변동,암 통합 치료(비급여포함),,data.js comparisons['integratedTreatment-vs-nonCoveredTreatment']와 1:1 매핑
comparison_mapping_normalized.csv,comparison_id,integratedTreatment-vs-nonCoveredTreatment,used_in_surface,comparison_drawer,comparison_drawer,right_fit_case,변동,건강보험이 적용되지 않는 치료비 부담까지 같이 보고 싶은 경우,??? ??? ???? ?? ?? ??? ? ?? ?? ???.,data.js comparisons['integratedTreatment-vs-nonCoveredTreatment']와 1:1 매핑
comparison_mapping_normalized.csv,comparison_id,integratedTreatment-vs-nonCoveredTreatment,used_in_surface,comparison_drawer,comparison_drawer,difference_point_1,변동,비급여 포함형은 국민건강보험이 적용되지 않는 치료나 전액 본인부담 구간을 함께 봅니다.,??? ???? ????? ???? ?? ??? ?? ???? ???? ?? ??.,data.js comparisons['integratedTreatment-vs-nonCoveredTreatment']와 1:1 매핑
comparison_mapping_normalized.csv,comparison_id,integratedTreatment-vs-nonCoveredTreatment,used_in_surface,comparison_drawer,comparison_drawer,difference_point_2,변동,기본형은 치료 구조를 넓게 보되 비급여 보장 여부를 별도로 판단해야 합니다.,"???? ?? ??? ?? ??, ??? ?? ??? ?? ???? ??.",data.js comparisons['integratedTreatment-vs-nonCoveredTreatment']와 1:1 매핑
comparison_mapping_normalized.csv,comparison_id,integratedTreatment-vs-nonCoveredTreatment,used_in_surface,comparison_drawer,comparison_drawer,difference_point_3,변동,같은 통합 치료라도 실제 부담 관점에서 비교 포인트가 달라집니다.,?? ?? ???? ?? ?? ???? ?? ???? ????.,data.js comparisons['integratedTreatment-vs-nonCoveredTreatment']와 1:1 매핑
comparison_mapping_normalized.csv,comparison_id,integratedTreatment-vs-nonCoveredTreatment,used_in_surface,comparison_drawer,comparison_drawer,legal_notice,고정성격강함,비급여 전부를 의미하는 것은 아니며 약관상 인정 치료 범위를 꼭 확인해 주세요.,???? ???? ??? ?? ??? ???? ? ??? ???.,data.js comparisons['integratedTreatment-vs-nonCoveredTreatment']와 1:1 매핑
comparison_mapping_normalized.csv,comparison_id,treatment-vs-tertiaryTreatment,used_in_surface,comparison_drawer,comparison_drawer,left_title,변동,암 치료,,data.js comparisons['treatment-vs-tertiaryTreatment']와 1:1 매핑
comparison_mapping_normalized.csv,comparison_id,treatment-vs-tertiaryTreatment,used_in_surface,comparison_drawer,comparison_drawer,left_fit_case,변동,병원 범위를 넓게 두고 치료 자체를 보는 경우,?? ??? ?? ?? ?? ??? ?? ?? ? ?? ?? ???.,data.js comparisons['treatment-vs-tertiaryTreatment']와 1:1 매핑
comparison_mapping_normalized.csv,comparison_id,treatment-vs-tertiaryTreatment,used_in_surface,comparison_drawer,comparison_drawer,right_title,변동,암 상급병원 치료,,data.js comparisons['treatment-vs-tertiaryTreatment']와 1:1 매핑
comparison_mapping_normalized.csv,comparison_id,treatment-vs-tertiaryTreatment,used_in_surface,comparison_drawer,comparison_drawer,right_fit_case,변동,상급종합병원 치료 조건이 붙는 구조를 따로 확인하고 싶은 경우,?????? ??? ?? ??? ?? ?? ?? ? ?? ???.,data.js comparisons['treatment-vs-tertiaryTreatment']와 1:1 매핑
comparison_mapping_normalized.csv,comparison_id,treatment-vs-tertiaryTreatment,used_in_surface,comparison_drawer,comparison_drawer,difference_point_1,변동,암 상급병원 치료는 상급종합병원에서 받은 치료만 기준이 될 수 있습니다.,? ???? ??? ???????? ?? ??? ??? ? ? ???.,data.js comparisons['treatment-vs-tertiaryTreatment']와 1:1 매핑
comparison_mapping_normalized.csv,comparison_id,treatment-vs-tertiaryTreatment,used_in_surface,comparison_drawer,comparison_drawer,difference_point_2,변동,암 치료는 병원 조건보다 직접치료 여부 중심으로 보는 구조입니다.,? ??? ?? ???? ?????? ?? ??.,data.js comparisons['treatment-vs-tertiaryTreatment']와 1:1 매핑
comparison_mapping_normalized.csv,comparison_id,treatment-vs-tertiaryTreatment,used_in_surface,comparison_drawer,comparison_drawer,difference_point_3,변동,주로 이용할 병원 유형에 따라 체감 차이가 생길 수 있습니다.,?? ?? ???? ?????? ?? ?? ??? ? ? ???.,data.js comparisons['treatment-vs-tertiaryTreatment']와 1:1 매핑
comparison_mapping_normalized.csv,comparison_id,treatment-vs-tertiaryTreatment,used_in_surface,comparison_drawer,comparison_drawer,legal_notice,고정성격강함,상급종합병원 지정 여부와 인정 치료 기준은 약관을 꼭 확인해 주세요.,?????? ?? ??? ?? ?? ??? ???? ? ??? ???.,data.js comparisons['treatment-vs-tertiaryTreatment']와 1:1 매핑
comparison_mapping_normalized.csv,comparison_id,directTreatment-vs-drugRadiation,used_in_surface,comparison_drawer,comparison_drawer,left_title,변동,암 치료,,data.js comparisons['directTreatment-vs-drugRadiation']와 1:1 매핑
comparison_mapping_normalized.csv,comparison_id,directTreatment-vs-drugRadiation,used_in_surface,comparison_drawer,comparison_drawer,left_fit_case,변동,직접치료 전체 구조를 보고 싶은 경우,???? ?? ??? ?? ???? ?? ? ?? ?? ???.,data.js comparisons['directTreatment-vs-drugRadiation']와 1:1 매핑
comparison_mapping_normalized.csv,comparison_id,directTreatment-vs-drugRadiation,used_in_surface,comparison_drawer,comparison_drawer,right_title,변동,항암약물치료 / 항암방사선치료,,data.js comparisons['directTreatment-vs-drugRadiation']와 1:1 매핑
comparison_mapping_normalized.csv,comparison_id,directTreatment-vs-drugRadiation,used_in_surface,comparison_drawer,comparison_drawer,right_fit_case,변동,약물치료나 방사선치료 하나를 별도로 보고 싶은 경우,????? ?????? ?? ??? ??? ? ?? ???.,data.js comparisons['directTreatment-vs-drugRadiation']와 1:1 매핑
comparison_mapping_normalized.csv,comparison_id,directTreatment-vs-drugRadiation,used_in_surface,comparison_drawer,comparison_drawer,difference_point_1,변동,암 치료는 수술 약물 방사선 등 직접치료 범주를 넓게 봅니다.,"? ??? ??, ??, ????? ???? ??? ?? ??.",data.js comparisons['directTreatment-vs-drugRadiation']와 1:1 매핑
comparison_mapping_normalized.csv,comparison_id,directTreatment-vs-drugRadiation,used_in_surface,comparison_drawer,comparison_drawer,difference_point_2,변동,항암약물치료와 항암방사선치료는 각 치료를 별도 특약으로 보는 구조입니다.,??????? ???????? ? ??? ?? ?? ????.,data.js comparisons['directTreatment-vs-drugRadiation']와 1:1 매핑
comparison_mapping_normalized.csv,comparison_id,directTreatment-vs-drugRadiation,used_in_surface,comparison_drawer,comparison_drawer,difference_point_3,변동,치료 하나만 보장받는지 직접치료 전체를 보는지에 따라 읽는 방식이 달라집니다.,"?? ??? ???, ???? ??? ???? ?? ?? ??? ????.",data.js comparisons['directTreatment-vs-drugRadiation']와 1:1 매핑
comparison_mapping_normalized.csv,comparison_id,directTreatment-vs-drugRadiation,used_in_surface,comparison_drawer,comparison_drawer,legal_notice,고정성격강함,치료 목적 인정 기준과 최초 1회 보장 여부는 약관을 꼭 확인해 주세요.,,data.js comparisons['directTreatment-vs-drugRadiation']와 1:1 매핑
event_guidance_normalized.csv,event_id,guide_toggle_on,trigger_type,toggle_on,sticky_guide_bar,title_template,고정이벤트별,선택 직후에는 이 차이만 보면 됩니다,??? ??? ? ???? ?? ???,data.js guideMessages.toggle_on와 1:1 매핑
event_guidance_normalized.csv,event_id,guide_toggle_on,trigger_type,toggle_on,sticky_guide_bar,message_template,고정이벤트별,"보장을 켰다고 바로 더 유리하다고 보기보다, 어떤 치료 범위와 병원 조건이 붙는지 먼저 확인해 보세요.","??? ??? ?? ? ??? ????, ?? ?? ??? ?? ??? ??? ?? ??? ???.",data.js guideMessages.toggle_on와 1:1 매핑
event_guidance_normalized.csv,event_id,guide_toggle_on,trigger_type,toggle_on,sticky_guide_bar,linked_behavior,고정,실제 노출 문장 = message_template + rider_helper,,data.js guideMessages.toggle_on와 1:1 매핑
event_guidance_normalized.csv,event_id,guide_toggle_off,trigger_type,toggle_off,sticky_guide_bar,title_template,고정이벤트별,미가입으로 두면 이 부분이 빠집니다,????? ?? ??? ??? ?? ???,data.js guideMessages.toggle_off와 1:1 매핑. amount_change에서 미가입 선택 시 이 이벤트로 간주
event_guidance_normalized.csv,event_id,guide_toggle_off,trigger_type,toggle_off,sticky_guide_bar,message_template,고정이벤트별,"지금 뺀 항목이 진단 보장인지, 치료 범위 확장인지 구분해서 보면 비교가 조금 더 쉬워집니다.","?? ? ??? ?? ????, ?? ??? ??? ?????? ??? ?? ? ???? ???.",data.js guideMessages.toggle_off와 1:1 매핑. amount_change에서 미가입 선택 시 이 이벤트로 간주
event_guidance_normalized.csv,event_id,guide_toggle_off,trigger_type,toggle_off,sticky_guide_bar,linked_behavior,고정,실제 노출 문장 = message_template + rider_helper,,data.js guideMessages.toggle_off와 1:1 매핑. amount_change에서 미가입 선택 시 이 이벤트로 간주
event_guidance_normalized.csv,event_id,guide_amount_change,trigger_type,amount_change,sticky_guide_bar,title_template,고정이벤트별,금액을 바꿀 때는 한도와 구조를 같이 보세요,??? ?? ?? ??? ?? ?? ???,data.js guideMessages.amount_change와 1:1 매핑
event_guidance_normalized.csv,event_id,guide_amount_change,trigger_type,amount_change,sticky_guide_bar,message_template,고정이벤트별,가입금액이 커져도 보장 횟수나 치료 인정 기준은 그대로일 수 있습니다. 금액만 보지 말고 지급 단위도 같이 확인해 보세요.,????? ??? ?? ??? ?? ??? ???? ? ???. ??? ?? ??? ?? ??? ???.,data.js guideMessages.amount_change와 1:1 매핑
event_guidance_normalized.csv,event_id,guide_amount_change,trigger_type,amount_change,sticky_guide_bar,linked_behavior,고정,실제 노출 문장 = message_template + rider_helper,,data.js guideMessages.amount_change와 1:1 매핑
consult_template_normalized.csv,template_id,consult_default,used_in_surface,consult_card,consult_card,title,고정,권유 없이 필요한 내용만 상담해드려요,??? ??? ?? ????,상담 카드의 고정 문구와 동적 필드 정의
consult_template_normalized.csv,template_id,consult_default,used_in_surface,consult_card,consult_card,intro_copy,고정,지금 보고 있던 항목과 막힌 포인트만 묶어서 넘기는 흐름입니다. 처음부터 다시 설명하지 않아도 되도록 맥락을 함께 전달합니다.,?? ?? ?? ??? ?? ???? ??? ????. ???? ?? ???? ??? ??? ??? ?? ???.,상담 카드의 고정 문구와 동적 필드 정의
consult_template_normalized.csv,template_id,consult_default,used_in_surface,consult_card,consult_card,context_block_title,고정,상담으로 전달할 내용,??? ?? ??? ??,상담 카드의 고정 문구와 동적 필드 정의
consult_template_normalized.csv,template_id,consult_default,used_in_surface,consult_card,consult_card,dynamic_field_1_label,고정,현재 보고 있던 항목,,상담 카드의 고정 문구와 동적 필드 정의
consult_template_normalized.csv,template_id,consult_default,used_in_surface,consult_card,consult_card,dynamic_field_1_source,변동연결규칙,openConsult(source.type='rider').id -> state.riders[].label 또는 openConsult(source.type='comparison').id -> comparisons[].title,,상담 카드의 고정 문구와 동적 필드 정의
consult_template_normalized.csv,template_id,consult_default,used_in_surface,consult_card,consult_card,dynamic_field_2_label,고정,현재 선택 상태,,상담 카드의 고정 문구와 동적 필드 정의
consult_template_normalized.csv,template_id,consult_default,used_in_surface,consult_card,consult_card,dynamic_field_2_source,변동연결규칙,openConsult(source.type='rider').id -> state.riders[].selectedAmount / enabled=false면 '미가입',,상담 카드의 고정 문구와 동적 필드 정의
consult_template_normalized.csv,template_id,consult_default,used_in_surface,consult_card,consult_card,dynamic_field_3_label,고정,비교 포인트,,상담 카드의 고정 문구와 동적 필드 정의
consult_template_normalized.csv,template_id,consult_default,used_in_surface,consult_card,consult_card,dynamic_field_3_source,변동연결규칙,openConsult(source.type='comparison').id -> comparisons[].differencePoints[0],,상담 카드의 고정 문구와 동적 필드 정의
consult_template_normalized.csv,template_id,consult_default,used_in_surface,consult_card,consult_card,dynamic_field_4_label,고정,직전 조작 맥락,,상담 카드의 고정 문구와 동적 필드 정의
consult_template_normalized.csv,template_id,consult_default,used_in_surface,consult_card,consult_card,dynamic_field_4_source,변동연결규칙,state.lastGuideContext.riderId -> state.riders[].label + '변경 후 설명 확인',,상담 카드의 고정 문구와 동적 필드 정의
consult_template_normalized.csv,template_id,consult_default,used_in_surface,consult_card,consult_card,primary_cta,고정,1588-0000 연결,,상담 카드의 고정 문구와 동적 필드 정의
consult_template_normalized.csv,template_id,consult_default,used_in_surface,consult_card,consult_card,legal_notice,고정,세부 기준과 지급 조건은 약관을 꼭 확인해 주세요.,,상담 카드의 고정 문구와 동적 필드 정의
rider_display_copy_normalized.csv,product_rider_code,A0101,datajs_rider_id,integrated-cancer,rider_row|consult_card,display_description,변동,암 종류가 달라지면 다시 보장될 수 있는 진단 구조,암 종류가 달라지면 다시 보장될 수 있는 진단 구조??.,현재 data.js riders[].description / consultTopic 운영 원본
rider_display_copy_normalized.csv,product_rider_code,A0101,datajs_rider_id,integrated-cancer,consult_card,consult_topic,변동,통합암 진단 구조,통합암 진단 구조? ?? ????.,현재 data.js riders[].description / consultTopic 운영 원본
rider_display_copy_normalized.csv,product_rider_code,A0101,minor_category,통합암,reference,source_tooltip_plain,변동원문,"암으로 진단되었을 때 약관에서 정한 암의 종류에 따라 한 번씩 보장해 드려요. 예를 들어, 위암으로 진단을 받아 보험금을 받은 후 나중에 폐암이 진단된다면 폐암에 대해서도 또 한 번 보험금을 드려요. (전이된 암에 대해서도 보장되지만, 암의 종류가 같으면 한 번만 보험금을 드려요.)",암으로 진단되었을 때 약관에서 정한 암의 종류에 따라 한 번씩 보장해 드려요.,현재 data.js riders[].description / consultTopic 운영 원본
rider_display_copy_normalized.csv,product_rider_code,A0102,datajs_rider_id,integrated-small-cancer,rider_row|consult_card,display_description,변동,통합암 안에서 소액암 범주를 따로 보는 구조,통합암 안에서 소액암 범주를 따로 보는 구조??.,현재 data.js riders[].description / consultTopic 운영 원본
rider_display_copy_normalized.csv,product_rider_code,A0102,datajs_rider_id,integrated-small-cancer,consult_card,consult_topic,변동,통합소액암 분류 기준,통합소액암 분류 기준? ?? ????.,현재 data.js riders[].description / consultTopic 운영 원본
rider_display_copy_normalized.csv,product_rider_code,A0102,minor_category,통합소액암,reference,source_tooltip_plain,변동원문,"중증 이외의 갑상선암, 초기 유방암, 기타 피부암 등 약관에서 정한 소액암으로 진단되었을 경우는 통합암 보장금액의 20% 이내를 보험금으로 드려요. 통합암 보장과 마찬가지로 암의 종류가 다르면 다시 보장받을 수 있어요.","중증 이외의 갑상선암, 초기 유방암, 기타 피부암 등 약관에서 정한 소액암으로 진단되었을 경우는 통합암 보장금액의 20% 이내를 보험금으로 드려요.",현재 data.js riders[].description / consultTopic 운영 원본
rider_display_copy_normalized.csv,product_rider_code,A0103,datajs_rider_id,general-cancer,rider_row|consult_card,display_description,변동,기본 암 진단 보장,기본 암 진단 보장??.,현재 data.js riders[].description / consultTopic 운영 원본
rider_display_copy_normalized.csv,product_rider_code,A0103,datajs_rider_id,general-cancer,consult_card,consult_topic,변동,일반암과 통합암 차이,일반암과 통합암 차이? ?? ????.,현재 data.js riders[].description / consultTopic 운영 원본
rider_display_copy_normalized.csv,product_rider_code,A0103,minor_category,일반암,reference,source_tooltip_plain,변동원문,암으로 진단되었을 때 보험금을 드려요. (최초 1회 보장),암으로 진단되었을 때 보험금을 드려요.,현재 data.js riders[].description / consultTopic 운영 원본
rider_display_copy_normalized.csv,product_rider_code,A0104,datajs_rider_id,A0104,rider_row|consult_card,display_description,변동,일반암과 구분되는 소액질병 보장을 따로 보는 구조,일반암과 구분되는 소액질병 보장을 따로 보는 구조??.,data.js 미연결. 운영계 확장 시 초안으로 사용 가능
rider_display_copy_normalized.csv,product_rider_code,A0104,datajs_rider_id,A0104,consult_card,consult_topic,변동,소액질병 분류 기준,소액질병 분류 기준? ?? ????.,data.js 미연결. 운영계 확장 시 초안으로 사용 가능
rider_display_copy_normalized.csv,product_rider_code,A0104,minor_category,"소액질병(초기 유방암, 중증 이외 갑상선암 등)",reference,source_tooltip_plain,변동원문,"중증 이외의 갑상선암, 초기 유방암, 기타 피부암 등 약관에서 정한 소액질병으로 진단되었을 경우는 일반암 보장금액의 20% 이내를 보험금으로 드려요. (각 최초 1회 보장)","중증 이외의 갑상선암, 초기 유방암, 기타 피부암 등 약관에서 정한 소액질병으로 진단되었을 경우는 일반암 보장금액의 20% 이내를 보험금으로 드려요.",data.js 미연결. 운영계 확장 시 초안으로 사용 가능
rider_display_copy_normalized.csv,product_rider_code,A0201,datajs_rider_id,integrated-treatment,rider_row|consult_card,display_description,변동,"검사, 수술, 방사선·약물치료, 재활까지 넓게 보는 구조","검사, 수술, 방사선·약물치료, 재활까지 넓게 보는 구조??.",현재 data.js riders[].description / consultTopic 운영 원본
rider_display_copy_normalized.csv,product_rider_code,A0201,datajs_rider_id,integrated-treatment,consult_card,consult_topic,변동,암 통합 치료 범위,암 통합 치료 범위? ?? ????.,현재 data.js riders[].description / consultTopic 운영 원본
rider_display_copy_normalized.csv,product_rider_code,A0201,minor_category,암 통합 치료,reference,source_tooltip_plain,변동원문,"암 관련 검사, 수술, 방사선·약물치료, 재활에 대해 보험금을 드려요. 가입금액은 1년 동안 받을 수 있는 보험금의 최대 한도에요. (보험가입일 기준 매 1년마다 1회 보장, 재활의 경우 매 1년마다 20회까지 보장, 수술의 경우는 수술 1회당 보장)","암 관련 검사, 수술, 방사선·약물치료, 재활에 대해 보험금을 드려요.",현재 data.js riders[].description / consultTopic 운영 원본
rider_display_copy_normalized.csv,product_rider_code,A0202,datajs_rider_id,integrated-treatment-noncovered,rider_row|consult_card,display_description,변동,비급여와 전액 본인부담 구간까지 같이 보는 통합 치료,비급여와 전액 본인부담 구간까지 같이 보는 통합 치료??.,현재 data.js riders[].description / consultTopic 운영 원본
rider_display_copy_normalized.csv,product_rider_code,A0202,datajs_rider_id,integrated-treatment-noncovered,consult_card,consult_topic,변동,비급여 포함 치료 범위,비급여 포함 치료 범위? ?? ????.,현재 data.js riders[].description / consultTopic 운영 원본
rider_display_copy_normalized.csv,product_rider_code,A0202,minor_category,암 통합 치료(비급여포함),reference,source_tooltip_plain,변동원문,"건강보험 적용 대상이지만 투여 기간, 횟수 등을 초과하여 진료비를 전액 부담하였거나, 비급여(건강보험 제외 대상) 진료를 받은 암 수술, 방사선·약물치료에 대해 보험금을 드려요. 가입금액은 1년 동안 받을 수 있는 보험금의 최대 한도에요. (보험가입일 기준 매 1년마다 1회 보장, 수술의 경우는 수술 1회당 보장)","건강보험 적용 대상이지만 투여 기간, 횟수 등을 초과하여 진료비를 전액 부담하였거나, 비급여 진료를 받은 암 수술, 방사선·약물치료에 대해 보험금을 드려요.",현재 data.js riders[].description / consultTopic 운영 원본
rider_display_copy_normalized.csv,product_rider_code,A0203,datajs_rider_id,direct-treatment,rider_row|consult_card,display_description,변동,10년 동안 직접치료를 연 단위로 보는 구조,10년 동안 직접치료를 연 단위로 보는 구조??.,현재 data.js riders[].description / consultTopic 운영 원본
rider_display_copy_normalized.csv,product_rider_code,A0203,datajs_rider_id,direct-treatment,consult_card,consult_topic,변동,암 직접치료 기준,암 직접치료 기준? ?? ????.,현재 data.js riders[].description / consultTopic 운영 원본
rider_display_copy_normalized.csv,product_rider_code,A0203,minor_category,암 치료,reference,source_tooltip_plain,변동원문,"암 최초 진단 확정일로부터 10년동안 치료를 목적으로하는 수술, 방사선·약물 치료에 대해 보험금을 드려요. (진단 확정일로부터 매 1년마다 1회를 한도로 최대 10회까지 보장)","암 최초 진단 확정일로부터 10년동안 치료를 목적으로하는 수술, 방사선·약물 치료에 대해 보험금을 드려요.",현재 data.js riders[].description / consultTopic 운영 원본
rider_display_copy_normalized.csv,product_rider_code,A0204,datajs_rider_id,small-direct-treatment,rider_row|consult_card,display_description,변동,소액암의 직접치료를 따로 보는 구조,소액암의 직접치료를 따로 보는 구조??.,현재 data.js riders[].description / consultTopic 운영 원본
rider_display_copy_normalized.csv,product_rider_code,A0204,datajs_rider_id,small-direct-treatment,consult_card,consult_topic,변동,소액암 직접치료 기준,소액암 직접치료 기준? ?? ????.,현재 data.js riders[].description / consultTopic 운영 원본
rider_display_copy_normalized.csv,product_rider_code,A0204,minor_category,암 치료(소액암),reference,source_tooltip_plain,변동원문,"갑상선암 혹은 기타피부암 최초 진단 확정일로부터 10년동안 치료를 목적으로하는 수술, 방사선·약물 치료에 대해 보험금을 드려요. (진단 확정일로부터 매 1년마다 1회를 한도로 최대 10회까지 보장)","갑상선암 혹은 기타피부암 최초 진단 확정일로부터 10년동안 치료를 목적으로하는 수술, 방사선·약물 치료에 대해 보험금을 드려요.",현재 data.js riders[].description / consultTopic 운영 원본
rider_display_copy_normalized.csv,product_rider_code,A0205,datajs_rider_id,tertiary-treatment,rider_row|consult_card,display_description,변동,상급종합병원에서 받은 직접치료를 따로 보는 구조,상급종합병원에서 받은 직접치료를 따로 보는 구조??.,현재 data.js riders[].description / consultTopic 운영 원본
rider_display_copy_normalized.csv,product_rider_code,A0205,datajs_rider_id,tertiary-treatment,consult_card,consult_topic,변동,상급종합병원 조건,상급종합병원 조건? ?? ????.,현재 data.js riders[].description / consultTopic 운영 원본
rider_display_copy_normalized.csv,product_rider_code,A0205,minor_category,암 상급병원 치료,reference,source_tooltip_plain,변동원문,"암 최초 진단 확정일로부터 10년동안 상급종합병원에서 치료를 목적으로하는 수술, 방사선·약물 치료에 대해 보험금을 드려요. (진단 확정일로부터 매 1년마다 1회를 한도로 최대 10회까지 보장)","암 최초 진단 확정일로부터 10년동안 상급종합병원에서 치료를 목적으로하는 수술, 방사선·약물 치료에 대해 보험금을 드려요.",현재 data.js riders[].description / consultTopic 운영 원본
rider_display_copy_normalized.csv,product_rider_code,A0206,datajs_rider_id,tertiary-treatment-small,rider_row|consult_card,display_description,변동,소액암의 상급종합병원 직접치료를 따로 보는 구조,소액암의 상급종합병원 직접치료를 따로 보는 구조??.,현재 data.js riders[].description / consultTopic 운영 원본
rider_display_copy_normalized.csv,product_rider_code,A0206,datajs_rider_id,tertiary-treatment-small,consult_card,consult_topic,변동,소액암 상급병원 치료 조건,소액암 상급병원 치료 조건? ?? ????.,현재 data.js riders[].description / consultTopic 운영 원본
rider_display_copy_normalized.csv,product_rider_code,A0206,minor_category,암 상급병원 치료(소액암),reference,source_tooltip_plain,변동원문,"갑상선암 혹은 기타피부암 최초 진단 확정일로부터 10년동안 상급종합병원에서 치료를 목적으로하는 수술, 방사선·약물 치료에 대해 보험금을 드려요. (진단 확정일로부터 매 1년마다 1회를 한도로 최대 10회까지 보장)","갑상선암 혹은 기타피부암 최초 진단 확정일로부터 10년동안 상급종합병원에서 치료를 목적으로하는 수술, 방사선·약물 치료에 대해 보험금을 드려요.",현재 data.js riders[].description / consultTopic 운영 원본
rider_display_copy_normalized.csv,product_rider_code,A0207,datajs_rider_id,complex-treatment,rider_row|consult_card,display_description,변동,연간 치료 횟수가 2회 이상일 때 보는 구조,연간 치료 횟수가 2회 이상일 때 보는 구조??.,현재 data.js riders[].description / consultTopic 운영 원본
rider_display_copy_normalized.csv,product_rider_code,A0207,datajs_rider_id,complex-treatment,consult_card,consult_topic,변동,암 복합 치료 기준,암 복합 치료 기준? ?? ????.,현재 data.js riders[].description / consultTopic 운영 원본
rider_display_copy_normalized.csv,product_rider_code,A0207,minor_category,암 복합 치료,reference,source_tooltip_plain,변동원문,"암 관련 수술, 항암방사선, 항암약물, 중환자실 치료 중 연간 치료 횟수가 2회 이상인 경우 보험금을 드려요. (보험가입일 기준 매 1년마다 1회 보장)","암 관련 수술, 항암방사선, 항암약물, 중환자실 치료 중 연간 치료 횟수가 2회 이상인 경우 보험금을 드려요.",현재 data.js riders[].description / consultTopic 운영 원본
rider_display_copy_normalized.csv,product_rider_code,A0208,datajs_rider_id,A0208,rider_row|consult_card,display_description,변동,소액암에서 여러 치료가 함께 일어나는 경우를 따로 보는 구조,소액암에서 여러 치료가 함께 일어나는 경우를 따로 보는 구조??.,data.js 미연결. 운영계 확장 시 초안으로 사용 가능
rider_display_copy_normalized.csv,product_rider_code,A0208,datajs_rider_id,A0208,consult_card,consult_topic,변동,소액암 복합 치료 기준,소액암 복합 치료 기준? ?? ????.,data.js 미연결. 운영계 확장 시 초안으로 사용 가능
rider_display_copy_normalized.csv,product_rider_code,A0208,minor_category,암 복합 치료(소액암),reference,source_tooltip_plain,변동원문,"소액암 관련 수술, 항암방사선, 항암약물, 중환자실 치료 중 연간 치료 횟수가 2회 이상인 경우 보험금을 드려요. (보험가입일 기준 매 1년마다 1회 보장)","소액암 관련 수술, 항암방사선, 항암약물, 중환자실 치료 중 연간 치료 횟수가 2회 이상인 경우 보험금을 드려요.",data.js 미연결. 운영계 확장 시 초안으로 사용 가능
rider_display_copy_normalized.csv,product_rider_code,A0209,datajs_rider_id,drug-treatment,rider_row|consult_card,display_description,변동,항암약물치료 자체를 별도로 보는 특약,항암약물치료 자체를 별도로 보는 특약??.,현재 data.js riders[].description / consultTopic 운영 원본
rider_display_copy_normalized.csv,product_rider_code,A0209,datajs_rider_id,drug-treatment,consult_card,consult_topic,변동,항암약물치료 보장,항암약물치료 보장? ?? ????.,현재 data.js riders[].description / consultTopic 운영 원본
rider_display_copy_normalized.csv,product_rider_code,A0209,minor_category,항암 약물 치료,reference,source_tooltip_plain,변동원문,암의 직접적인 치료를 목적으로하는 항암 약물 치료에 대해 보험금을 드려요. (일반암/기타피부암/갑상선암 각각 최초 1회 보장),암의 직접적인 치료를 목적으로하는 항암 약물 치료에 대해 보험금을 드려요.,현재 data.js riders[].description / consultTopic 운영 원본
rider_display_copy_normalized.csv,product_rider_code,A0210,datajs_rider_id,radiation-treatment,rider_row|consult_card,display_description,변동,항암방사선치료 자체를 별도로 보는 특약,항암방사선치료 자체를 별도로 보는 특약??.,현재 data.js riders[].description / consultTopic 운영 원본
rider_display_copy_normalized.csv,product_rider_code,A0210,datajs_rider_id,radiation-treatment,consult_card,consult_topic,변동,항암방사선치료 보장,항암방사선치료 보장? ?? ????.,현재 data.js riders[].description / consultTopic 운영 원본
rider_display_copy_normalized.csv,product_rider_code,A0210,minor_category,항암 방사선 치료,reference,source_tooltip_plain,변동원문,암의 직접적인 치료를 목적으로하는 항암 방사선 치료에 대해 보험금을 드려요. (일반암/기타피부암/갑상선암 각각 최초 1회 보장),암의 직접적인 치료를 목적으로하는 항암 방사선 치료에 대해 보험금을 드려요.,현재 data.js riders[].description / consultTopic 운영 원본
rider_display_copy_normalized.csv,product_rider_code,A0301,datajs_rider_id,premium-treatment,rider_row|consult_card,display_description,변동,로봇수술 등 고액 치료를 따로 보는 구조,로봇수술 등 고액 치료를 따로 보는 구조??.,현재 data.js riders[].description / consultTopic 운영 원본
rider_display_copy_normalized.csv,product_rider_code,A0301,datajs_rider_id,premium-treatment,consult_card,consult_topic,변동,암 고액 치료 범위,암 고액 치료 범위? ?? ????.,현재 data.js riders[].description / consultTopic 운영 원본
rider_display_copy_normalized.csv,product_rider_code,A0301,minor_category,암 고액 치료(8종),reference,source_tooltip_plain,변동원문,최소 절개로 정밀한 수술이 가능한 다빈치로봇수술 등 암 고액 치료 8종에 대해 보험금을 드려요. (진단 확정일로부터 매 1년마다 1회를 한도로 최대 10회까지 보장),최소 절개로 정밀한 수술이 가능한 다빈치로봇수술 등 암 고액 치료 8종에 대해 보험금을 드려요.,현재 data.js riders[].description / consultTopic 운영 원본
rider_display_copy_normalized.csv,product_rider_code,A0302,datajs_rider_id,A0302,rider_row|consult_card,display_description,변동,고액 치료 3종만 따로 보는 구조,고액 치료 3종만 따로 보는 구조??.,data.js 미연결. 운영계 확장 시 초안으로 사용 가능
rider_display_copy_normalized.csv,product_rider_code,A0302,datajs_rider_id,A0302,consult_card,consult_topic,변동,암 고액 치료 3종 범위,암 고액 치료 3종 범위? ?? ????.,data.js 미연결. 운영계 확장 시 초안으로 사용 가능
rider_display_copy_normalized.csv,product_rider_code,A0302,minor_category,암 고액 치료(3종),reference,source_tooltip_plain,변동원문,최소 절개로 정밀한 수술이 가능한 다빈치로봇수술 등 암 고액 치료 3종에 대해 보험금을 드려요. (진단 확정일로부터 매 1년마다 1회를 한도로 최대 10회까지 보장),최소 절개로 정밀한 수술이 가능한 다빈치로봇수술 등 암 고액 치료 3종에 대해 보험금을 드려요.,data.js 미연결. 운영계 확장 시 초안으로 사용 가능
rider_display_copy_normalized.csv,product_rider_code,A0303,datajs_rider_id,A0303,rider_row|consult_card,display_description,변동,항암 중입자 치료를 별도로 보는 구조,항암 중입자 치료를 별도로 보는 구조??.,data.js 미연결. 운영계 확장 시 초안으로 사용 가능
rider_display_copy_normalized.csv,product_rider_code,A0303,datajs_rider_id,A0303,consult_card,consult_topic,변동,항암 중입자 치료 보장,항암 중입자 치료 보장? ?? ????.,data.js 미연결. 운영계 확장 시 초안으로 사용 가능
rider_display_copy_normalized.csv,product_rider_code,A0303,minor_category,항암 중입자 치료,reference,source_tooltip_plain,변동원문,정상 조직 손상을 최소화하는 항암중입자 치료에 대해 보험금을 드려요. (최초 1회 보장),정상 조직 손상을 최소화하는 항암중입자 치료에 대해 보험금을 드려요.,data.js 미연결. 운영계 확장 시 초안으로 사용 가능
rider_display_copy_normalized.csv,product_rider_code,A0304,datajs_rider_id,A0304,rider_row|consult_card,display_description,변동,표적 약물과 특정 표적 방사선 치료를 묶어 보는 구조,표적 약물과 특정 표적 방사선 치료를 묶어 보는 구조??.,data.js 미연결. 운영계 확장 시 초안으로 사용 가능
rider_display_copy_normalized.csv,product_rider_code,A0304,datajs_rider_id,A0304,consult_card,consult_topic,변동,표적 항암 치료 범위,표적 항암 치료 범위? ?? ????.,data.js 미연결. 운영계 확장 시 초안으로 사용 가능
rider_display_copy_normalized.csv,product_rider_code,A0304,minor_category,항암 표적 약물·방사선 치료(리간드 치료 등),reference,source_tooltip_plain,변동원문,암세포만 선택적으로 파괴하는 표적 항암 약물 치료 또는 특정 표적 방사선 치료(리간드 치료 등)에 대해 보험금을 드려요. (최초 1회 보장),암세포만 선택적으로 파괴하는 표적 항암 약물 치료 또는 특정 표적 방사선 치료에 대해 보험금을 드려요.,data.js 미연결. 운영계 확장 시 초안으로 사용 가능
rider_display_copy_normalized.csv,product_rider_code,A0305,datajs_rider_id,A0305,rider_row|consult_card,display_description,변동,암 진단과 특정 정밀치료를 함께 보는 구조,암 진단과 특정 정밀치료를 함께 보는 구조??.,data.js 미연결. 운영계 확장 시 초안으로 사용 가능
rider_display_copy_normalized.csv,product_rider_code,A0305,datajs_rider_id,A0305,consult_card,consult_topic,변동,정밀 치료와 비급여 범위,정밀 치료와 비급여 범위? ?? ????.,data.js 미연결. 운영계 확장 시 초안으로 사용 가능
rider_display_copy_normalized.csv,product_rider_code,A0305,minor_category,암 진단 및 정밀 치료(비급여 포함),reference,source_tooltip_plain,변동원문,"암으로 진단되었을 때 보험금을 드려요. (최초 1회 보장) 추가로 건강보험 적용 대상이지만 투여 기간, 횟수 등을 초과하여 진료비를 전액 부담하였거나, 비급여(건강보험 제외 대상) 진료를 받은 특정 방사선/약물 치료에 대해서도 보험금을 드려요. (보험가입일 기준 매 1년마다 1회 보장)",암으로 진단되었을 때 보험금을 드려요.,data.js 미연결. 운영계 확장 시 초안으로 사용 가능
rider_display_copy_normalized.csv,product_rider_code,B0101,datajs_rider_id,B0101,rider_row|consult_card,display_description,변동,뇌혈관질환 진단 보장을 따로 보는 구조,뇌혈관질환 진단 보장을 따로 보는 구조??.,data.js 미연결. 운영계 확장 시 초안으로 사용 가능
rider_display_copy_normalized.csv,product_rider_code,B0101,datajs_rider_id,B0101,consult_card,consult_topic,변동,뇌혈관질환 진단 기준,뇌혈관질환 진단 기준? ?? ????.,data.js 미연결. 운영계 확장 시 초안으로 사용 가능
rider_display_copy_normalized.csv,product_rider_code,B0101,minor_category,뇌혈관질환,reference,source_tooltip_plain,변동원문,"뇌경색, 뇌출혈 등 뇌혈관질환으로 진단되었을 경우 보험금을 드려요. (최초 1회 보장)","뇌경색, 뇌출혈 등 뇌혈관질환으로 진단되었을 경우 보험금을 드려요.",data.js 미연결. 운영계 확장 시 초안으로 사용 가능
rider_display_copy_normalized.csv,product_rider_code,B0102,datajs_rider_id,B0102,rider_row|consult_card,display_description,변동,심장질환 진단 보장을 따로 보는 구조,심장질환 진단 보장을 따로 보는 구조??.,data.js 미연결. 운영계 확장 시 초안으로 사용 가능
rider_display_copy_normalized.csv,product_rider_code,B0102,datajs_rider_id,B0102,consult_card,consult_topic,변동,심장질환 진단 기준,심장질환 진단 기준? ?? ????.,data.js 미연결. 운영계 확장 시 초안으로 사용 가능
rider_display_copy_normalized.csv,product_rider_code,B0102,minor_category,심장질환,reference,source_tooltip_plain,변동원문,"협심증, 심근경색 등 심장질환으로 진단되었을 경우 보험금을 드려요. (최초 1회 보장)","협심증, 심근경색 등 심장질환으로 진단되었을 경우 보험금을 드려요.",data.js 미연결. 운영계 확장 시 초안으로 사용 가능
rider_display_copy_normalized.csv,product_rider_code,B0103,datajs_rider_id,B0103,rider_row|consult_card,display_description,변동,부정맥 진단 보장을 따로 보는 구조,부정맥 진단 보장을 따로 보는 구조??.,data.js 미연결. 운영계 확장 시 초안으로 사용 가능
rider_display_copy_normalized.csv,product_rider_code,B0103,datajs_rider_id,B0103,consult_card,consult_topic,변동,부정맥 진단 기준,부정맥 진단 기준? ?? ????.,data.js 미연결. 운영계 확장 시 초안으로 사용 가능
rider_display_copy_normalized.csv,product_rider_code,B0103,minor_category,부정맥,reference,source_tooltip_plain,변동원문,심장이 불규칙하게 뛰는 부정맥 진단 시 보험금을 드려요. (최초 1회 보장),심장이 불규칙하게 뛰는 부정맥 진단 시 보험금을 드려요.,data.js 미연결. 운영계 확장 시 초안으로 사용 가능
rider_display_copy_normalized.csv,product_rider_code,B0201,datajs_rider_id,B0201,rider_row|consult_card,display_description,변동,검사부터 재활까지 주요 순환계 질환 치료를 넓게 보는 구조,검사부터 재활까지 주요 순환계 질환 치료를 넓게 보는 구조??.,data.js 미연결. 운영계 확장 시 초안으로 사용 가능
rider_display_copy_normalized.csv,product_rider_code,B0201,datajs_rider_id,B0201,consult_card,consult_topic,변동,주요 순환계 질환 통합 치료 범위,주요 순환계 질환 통합 치료 범위? ?? ????.,data.js 미연결. 운영계 확장 시 초안으로 사용 가능
rider_display_copy_normalized.csv,product_rider_code,B0201,minor_category,주요 순환계 질환 통합 치료,reference,source_tooltip_plain,변동원문,"주요 순환계 질환(뇌·심장질환 등) 관련 검사, 수술, 치료, 재활에 대해 보험금을 드려요. 가입금액은 1년 동안 받을 수 있는 보험금의 최대 한도에요. (보험가입일 기준 매 1년마다 1회 보장, 재활의 경우 매 1년마다 15회까지 보장, 수술의 경우는 수술 1회당 보장)","주요 순환계 질환 관련 검사, 수술, 치료, 재활에 대해 보험금을 드려요.",data.js 미연결. 운영계 확장 시 초안으로 사용 가능
rider_display_copy_normalized.csv,product_rider_code,B0202,datajs_rider_id,B0202,rider_row|consult_card,display_description,변동,특정 치료 종류를 따로 보는 구조,특정 치료 종류를 따로 보는 구조??.,data.js 미연결. 운영계 확장 시 초안으로 사용 가능
rider_display_copy_normalized.csv,product_rider_code,B0202,datajs_rider_id,B0202,consult_card,consult_topic,변동,주요 순환계 질환 특정 치료 범위,주요 순환계 질환 특정 치료 범위? ?? ????.,data.js 미연결. 운영계 확장 시 초안으로 사용 가능
rider_display_copy_normalized.csv,product_rider_code,B0202,minor_category,주요 순환계 질환 특정 치료,reference,source_tooltip_plain,변동원문,"주요 순환계 질환(뇌·심장질환 등) 관련 수술, 혈전용해치료, 급여혈전제거술에 대해 보험금을 드려요. (보험가입일 기준 매 1년마다 1회 보장)","주요 순환계 질환 관련 수술, 혈전용해치료, 급여혈전제거술에 대해 보험금을 드려요.",data.js 미연결. 운영계 확장 시 초안으로 사용 가능
rider_display_copy_normalized.csv,product_rider_code,B0203,datajs_rider_id,B0203,rider_row|consult_card,display_description,변동,10년 동안 직접적인 주요 순환계 치료를 보는 구조,10년 동안 직접적인 주요 순환계 치료를 보는 구조??.,data.js 미연결. 운영계 확장 시 초안으로 사용 가능
rider_display_copy_normalized.csv,product_rider_code,B0203,datajs_rider_id,B0203,consult_card,consult_topic,변동,주요 순환계 질환 직접치료 기준,주요 순환계 질환 직접치료 기준? ?? ????.,data.js 미연결. 운영계 확장 시 초안으로 사용 가능
rider_display_copy_normalized.csv,product_rider_code,B0203,minor_category,주요 순환계 질환 치료,reference,source_tooltip_plain,변동원문,"주요 순환계 질환(뇌·심장질환 등) 관련 최초 진단 확정일로부터 10년 동안 직접적인 치료를 목적으로하는 수술, 혈전용해치료, 중환자실치료(종합병원 이상)에 대해 보험금을 드려요. (진단 확정일로부터 매 1년마다 1회를 한도로 최대 10회까지 보장)","주요 순환계 질환 관련 최초 진단 확정일로부터 10년 동안 직접적인 치료를 목적으로하는 수술, 혈전용해치료, 중환자실치료에 대해 보험금을 드려요.",data.js 미연결. 운영계 확장 시 초안으로 사용 가능
rider_display_copy_normalized.csv,product_rider_code,B0204,datajs_rider_id,B0204,rider_row|consult_card,display_description,변동,여러 치료가 함께 일어나는 경우를 따로 보는 구조,여러 치료가 함께 일어나는 경우를 따로 보는 구조??.,data.js 미연결. 운영계 확장 시 초안으로 사용 가능
rider_display_copy_normalized.csv,product_rider_code,B0204,datajs_rider_id,B0204,consult_card,consult_topic,변동,주요 순환계 질환 복합 치료 기준,주요 순환계 질환 복합 치료 기준? ?? ????.,data.js 미연결. 운영계 확장 시 초안으로 사용 가능
rider_display_copy_normalized.csv,product_rider_code,B0204,minor_category,주요 순환계 질환 복합 치료,reference,source_tooltip_plain,변동원문,"주요 순환계 질환(뇌·심장질환 등) 수술, 급여혈전제거술, 혈전용해치료 중 연간 치료 횟수가 2회 이상인 경우 보험금을 드려요. (보험가입일 기준 매 1년마다 1회 보장)","주요 순환계 질환 수술, 급여혈전제거술, 혈전용해치료 중 연간 치료 횟수가 2회 이상인 경우 보험금을 드려요.",data.js 미연결. 운영계 확장 시 초안으로 사용 가능
rider_display_copy_normalized.csv,product_rider_code,C0101,datajs_rider_id,C0101,rider_row|consult_card,display_description,변동,상급병실 1인실 입원 보장을 따로 보는 구조,상급병실 1인실 입원 보장을 따로 보는 구조??.,data.js 미연결. 운영계 확장 시 초안으로 사용 가능
rider_display_copy_normalized.csv,product_rider_code,C0101,datajs_rider_id,C0101,consult_card,consult_topic,변동,1인실 입원 조건,1인실 입원 조건? ?? ????.,data.js 미연결. 운영계 확장 시 초안으로 사용 가능
rider_display_copy_normalized.csv,product_rider_code,C0101,minor_category,1인실 입원,reference,source_tooltip_plain,변동원문,상급종합병원 혹은 종합병원의 1인실 입원 시 일원일수 1일당 보험금을 드려요. (1회 입원당 30일까지 보장),상급종합병원 혹은 종합병원의 1인실 입원 시 일원일수 1일당 보험금을 드려요.,data.js 미연결. 운영계 확장 시 초안으로 사용 가능
rider_display_copy_normalized.csv,product_rider_code,C0102,datajs_rider_id,C0102,rider_row|consult_card,display_description,변동,2인실 또는 3인실 입원 보장을 따로 보는 구조,2인실 또는 3인실 입원 보장을 따로 보는 구조??.,data.js 미연결. 운영계 확장 시 초안으로 사용 가능
rider_display_copy_normalized.csv,product_rider_code,C0102,datajs_rider_id,C0102,consult_card,consult_topic,변동,2-3인실 입원 조건,2-3인실 입원 조건? ?? ????.,data.js 미연결. 운영계 확장 시 초안으로 사용 가능
rider_display_copy_normalized.csv,product_rider_code,C0102,minor_category,2-3인실 입원,reference,source_tooltip_plain,변동원문,상급종합병원 혹은 종합병원의 2인실 혹은 3인실 입원 시 일원일수 1일당 보험금을 드려요. (1회 입원당 30일까지 보장),상급종합병원 혹은 종합병원의 2인실 혹은 3인실 입원 시 일원일수 1일당 보험금을 드려요.,data.js 미연결. 운영계 확장 시 초안으로 사용 가능
rider_display_copy_normalized.csv,product_rider_code,D0101,datajs_rider_id,D0101,rider_row|consult_card,display_description,변동,입원 180일 이내 간병인 사용 보장을 보는 구조,입원 180일 이내 간병인 사용 보장을 보는 구조??.,data.js 미연결. 운영계 확장 시 초안으로 사용 가능
rider_display_copy_normalized.csv,product_rider_code,D0101,datajs_rider_id,D0101,consult_card,consult_topic,변동,간병인 사용 180일 기준,간병인 사용 180일 기준? ?? ????.,data.js 미연결. 운영계 확장 시 초안으로 사용 가능
rider_display_copy_normalized.csv,product_rider_code,D0101,minor_category,간병인(180일 이전),reference,source_tooltip_plain,변동원문,입원간병인 사용 시 1일당 보험금을 드려요. (1회 입원당 180일까지 보장),입원간병인 사용 시 1일당 보험금을 드려요.,data.js 미연결. 운영계 확장 시 초안으로 사용 가능
rider_display_copy_normalized.csv,product_rider_code,D0102,datajs_rider_id,D0102,rider_row|consult_card,display_description,변동,181일 이후 간병인 사용 보장을 따로 보는 구조,181일 이후 간병인 사용 보장을 따로 보는 구조??.,data.js 미연결. 운영계 확장 시 초안으로 사용 가능
rider_display_copy_normalized.csv,product_rider_code,D0102,datajs_rider_id,D0102,consult_card,consult_topic,변동,장기 간병인 사용 기준,장기 간병인 사용 기준? ?? ????.,data.js 미연결. 운영계 확장 시 초안으로 사용 가능
rider_display_copy_normalized.csv,product_rider_code,D0102,minor_category,간병인(181일 이후),reference,source_tooltip_plain,변동원문,"입원간병인을 181일 이상 사용시 181일째부터 1일당 보험금을 드려요. (1회 입원당 185일까지 보장, 요양병원/정신병원/한방병원 제외)",입원간병인을 181일 이상 사용시 181일째부터 1일당 보험금을 드려요.,data.js 미연결. 운영계 확장 시 초안으로 사용 가능
rider_display_copy_normalized.csv,product_rider_code,D0103,datajs_rider_id,D0103,rider_row|consult_card,display_description,변동,간호간병통합서비스 사용 보장을 보는 구조,간호간병통합서비스 사용 보장을 보는 구조??.,data.js 미연결. 운영계 확장 시 초안으로 사용 가능
rider_display_copy_normalized.csv,product_rider_code,D0103,datajs_rider_id,D0103,consult_card,consult_topic,변동,간호간병서비스 조건,간호간병서비스 조건? ?? ????.,data.js 미연결. 운영계 확장 시 초안으로 사용 가능
rider_display_copy_normalized.csv,product_rider_code,D0103,minor_category,간호간병서비스,reference,source_tooltip_plain,변동원문,"간호간병통합서비스 사용 시 1일당 보험금을 드려요. (1회 입원당 180일까지 보장, 요양병원 제외)",간호간병통합서비스 사용 시 1일당 보험금을 드려요.,data.js 미연결. 운영계 확장 시 초안으로 사용 가능
rider_display_copy_normalized.csv,product_rider_code,E0101,datajs_rider_id,E0101,rider_row|consult_card,display_description,변동,수술 종류와 관계없이 같은 금액을 보는 구조,수술 종류와 관계없이 같은 금액을 보는 구조??.,data.js 미연결. 운영계 확장 시 초안으로 사용 가능
rider_display_copy_normalized.csv,product_rider_code,E0101,datajs_rider_id,E0101,consult_card,consult_topic,변동,질병·사고 수술 보장 기준,질병·사고 수술 보장 기준? ?? ????.,data.js 미연결. 운영계 확장 시 초안으로 사용 가능
rider_display_copy_normalized.csv,product_rider_code,E0101,minor_category,질병·사고 수술(수술 종류 상관없이 동일 보장),reference,source_tooltip_plain,변동원문,"수술을 받게 되면 수술 종류에 상관없이 동일한 보험금을 드려요. (보험가입일 기준 매 1년마다 질병/재해 각각 1회 보장, 1년 이내에 재해가 아닌 원인으로 치료 시 50% 삭감 지급)",수술을 받게 되면 수술 종류에 상관없이 동일한 보험금을 드려요.,data.js 미연결. 운영계 확장 시 초안으로 사용 가능
rider_display_copy_normalized.csv,product_rider_code,E0102,datajs_rider_id,E0102,rider_row|consult_card,display_description,변동,수술 종류에 따라 보장금액이 달라지는 구조,수술 종류에 따라 보장금액이 달라지는 구조??.,data.js 미연결. 운영계 확장 시 초안으로 사용 가능
rider_display_copy_normalized.csv,product_rider_code,E0102,datajs_rider_id,E0102,consult_card,consult_topic,변동,파워 수술 분류 기준,파워 수술 분류 기준? ?? ????.,data.js 미연결. 운영계 확장 시 초안으로 사용 가능
rider_display_copy_normalized.csv,product_rider_code,E0102,minor_category,파워 수술(수술 종류에 따라 다르게 보장),reference,source_tooltip_plain,변동원문,"수술을 받게 되면 큰 수술일수록 더 많은 보험금을 드려요. (동일한 재해사고당 1회, 동일한 질병당 보험가입일 기준 매 1년마다 1회 보장)",수술을 받게 되면 큰 수술일수록 더 많은 보험금을 드려요.,data.js 미연결. 운영계 확장 시 초안으로 사용 가능
rider_display_copy_normalized.csv,product_rider_code,F0101,datajs_rider_id,F0101,rider_row|consult_card,display_description,변동,치매 진단 보장을 따로 보는 구조,치매 진단 보장을 따로 보는 구조??.,data.js 미연결. 운영계 확장 시 초안으로 사용 가능
rider_display_copy_normalized.csv,product_rider_code,F0101,datajs_rider_id,F0101,consult_card,consult_topic,변동,치매 진단 기준,치매 진단 기준? ?? ????.,data.js 미연결. 운영계 확장 시 초안으로 사용 가능
rider_display_copy_normalized.csv,product_rider_code,F0101,minor_category,치매 진단,reference,source_tooltip_plain,변동원문,치매로 진단되었을 때 보험금을 드려요. (최초 1회 보장),치매로 진단되었을 때 보험금을 드려요.,data.js 미연결. 운영계 확장 시 초안으로 사용 가능
rider_display_copy_normalized.csv,product_rider_code,F0102,datajs_rider_id,F0102,rider_row|consult_card,display_description,변동,당뇨 진단 이후 치매 보장을 구분해서 보는 구조,당뇨 진단 이후 치매 보장을 구분해서 보는 구조??.,data.js 미연결. 운영계 확장 시 초안으로 사용 가능
rider_display_copy_normalized.csv,product_rider_code,F0102,datajs_rider_id,F0102,consult_card,consult_topic,변동,당뇨 이후 치매 진단 기준,당뇨 이후 치매 진단 기준? ?? ????.,data.js 미연결. 운영계 확장 시 초안으로 사용 가능
rider_display_copy_normalized.csv,product_rider_code,F0102,minor_category,치매 진단(당뇨 발병 후),reference,source_tooltip_plain,변동원문,당뇨병 진단을 먼저 받은 상태에서 치매로 진단되었을 때 보험금을 2배로 드려요. 만약 당뇨병 없이 치매만 진단되었을 경우에는 가입금액만큼 보장해 드려요. (최초 1회 보장),당뇨병 진단을 먼저 받은 상태에서 치매로 진단되었을 때 보험금을 2배로 드려요.,data.js 미연결. 운영계 확장 시 초안으로 사용 가능
rider_display_copy_normalized.csv,product_rider_code,F0103,datajs_rider_id,F0103,rider_row|consult_card,display_description,변동,치매 관련 검사와 치료와 재활을 넓게 보는 구조,치매 관련 검사와 치료와 재활을 넓게 보는 구조??.,원문이 길어 운영 초안은 축약. 상세 기준은 source_tooltip_plain 원본 CSV 참조 권장
rider_display_copy_normalized.csv,product_rider_code,F0103,datajs_rider_id,F0103,consult_card,consult_topic,변동,치매 통합 치료 범위,치매 통합 치료 범위? ?? ????.,원문이 길어 운영 초안은 축약. 상세 기준은 source_tooltip_plain 원본 CSV 참조 권장
rider_display_copy_normalized.csv,product_rider_code,F0103,minor_category,치매 통합 치료(레켐비 등),reference,source_tooltip_plain,변동원문,치매 관련 검사 치료 재활 및 회복지원을 묶어 보는 보장입니다. 각 치료 항목별 지급 기준과 횟수는 약관을 따릅니다.,치매 관련 검사 치료 재활 및 회복지원을 묶어 보는 보장입니다.,원문이 길어 운영 초안은 축약. 상세 기준은 source_tooltip_plain 원본 CSV 참조 권장
rider_display_copy_normalized.csv,product_rider_code,F0104,datajs_rider_id,F0104,rider_row|consult_card,display_description,변동,치매 직접치료 목적의 통원 보장을 따로 보는 구조,치매 직접치료 목적의 통원 보장을 따로 보는 구조??.,data.js 미연결. 운영계 확장 시 초안으로 사용 가능
rider_display_copy_normalized.csv,product_rider_code,F0104,datajs_rider_id,F0104,consult_card,consult_topic,변동,치매 통원 치료 기준,치매 통원 치료 기준? ?? ????.,data.js 미연결. 운영계 확장 시 초안으로 사용 가능
rider_display_copy_normalized.csv,product_rider_code,F0104,minor_category,치매 통원 치료,reference,source_tooltip_plain,변동원문,"치매로 진단 확정 후 직접적인 치료를 목적으로 통원 치료 받으면 보험금을 드려요. (1일 1회, 보험가입일 기준 매 1년마다 30회까지 보장, 요양병원 제외)",치매로 진단 확정 후 직접적인 치료를 목적으로 통원 치료 받으면 보험금을 드려요.,data.js 미연결. 운영계 확장 시 초안으로 사용 가능
rider_display_copy_normalized.csv,product_rider_code,G0101,datajs_rider_id,G0101,rider_row|consult_card,display_description,변동,골절과 깁스 치료 및 얼굴·머리 흉터를 함께 보는 구조,골절과 깁스 치료 및 얼굴·머리 흉터를 함께 보는 구조??.,data.js 미연결. 운영계 확장 시 초안으로 사용 가능
rider_display_copy_normalized.csv,product_rider_code,G0101,datajs_rider_id,G0101,consult_card,consult_topic,변동,골절·깁스 치료 범위,골절·깁스 치료 범위? ?? ????.,data.js 미연결. 운영계 확장 시 초안으로 사용 가능
rider_display_copy_normalized.csv,product_rider_code,G0101,minor_category,골절·깁스 치료,reference,source_tooltip_plain,변동원문,골절·깁스 치료 또는 얼굴이나 머리에 흉터 발생 시 보험금을 드려요. (재해골절 수술의 경우 보험가입일 기준 매 1년마다 3회까지 보장),골절·깁스 치료 또는 얼굴이나 머리에 흉터 발생 시 보험금을 드려요.,data.js 미연결. 운영계 확장 시 초안으로 사용 가능
rider_display_copy_normalized.csv,product_rider_code,G0102,datajs_rider_id,G0102,rider_row|consult_card,display_description,변동,독감 항바이러스제 처방 치료를 따로 보는 구조,독감 항바이러스제 처방 치료를 따로 보는 구조??.,data.js 미연결. 운영계 확장 시 초안으로 사용 가능
rider_display_copy_normalized.csv,product_rider_code,G0102,datajs_rider_id,G0102,consult_card,consult_topic,변동,독감 치료 기준,독감 치료 기준? ?? ????.,data.js 미연결. 운영계 확장 시 초안으로 사용 가능
rider_display_copy_normalized.csv,product_rider_code,G0102,minor_category,독감 치료,reference,source_tooltip_plain,변동원문,독감으로 진단되고 직접적인 치료를 위해 독감 항바이러스제를 처방 받은 경우 보험금을 드려요. (보험가입일 기준 매 1년마다 1회 보장),독감으로 진단되고 직접적인 치료를 위해 독감 항바이러스제를 처방 받은 경우 보험금을 드려요.,data.js 미연결. 운영계 확장 시 초안으로 사용 가능
rider_display_copy_normalized.csv,product_rider_code,G0103,datajs_rider_id,G0103,rider_row|consult_card,display_description,변동,중장년 주요 질환 보장을 묶어 보는 구조,중장년 주요 질환 보장을 묶어 보는 구조??.,data.js 미연결. 운영계 확장 시 초안으로 사용 가능
rider_display_copy_normalized.csv,product_rider_code,G0103,datajs_rider_id,G0103,consult_card,consult_topic,변동,중장년 질환 보장 범위,중장년 질환 보장 범위? ?? ????.,data.js 미연결. 운영계 확장 시 초안으로 사용 가능
rider_display_copy_normalized.csv,product_rider_code,G0103,minor_category,"중장년 질환(골다공증, 통풍, 대상포진, 관절염)",reference,source_tooltip_plain,변동원문,"골다공증, 통풍, 대상포진으로 진단 되었거나 관절염 수술을 받은 경우 보험금을 드려요. (최초 1회 보장, 관절염 수술의 경우 보험가입일 기준 매 1년마다 1회 보장, 골다공증/통풍/관절염 수술의 경우 1년 이내에 재해가 아닌 원인으로 치료 시 50% 삭감 지급)","골다공증, 통풍, 대상포진으로 진단 되었거나 관절염 수술을 받은 경우 보험금을 드려요.",data.js 미연결. 운영계 확장 시 초안으로 사용 가능
rider_helper_normalized.csv,datajs_rider_id,integrated-cancer,product_rider_code,A0101,sticky_guide_bar,helper_text,변동,전이 포함 여부와 보장 횟수 기준이 함께 궁금해지는 항목,전이 포함 여부와 보장 횟수 기준이 함께 궁금해지는 항목??.,data.js riders[].helper와 1:1 매핑
rider_helper_normalized.csv,datajs_rider_id,integrated-small-cancer,product_rider_code,A0102,sticky_guide_bar,helper_text,변동,갑상선암 초기 유방암처럼 작은 범주로 분류되는지 확인이 필요한 항목,갑상선암 초기 유방암처럼 작은 범주로 분류되는지 확인이 필요한 항목??.,data.js riders[].helper와 1:1 매핑
rider_helper_normalized.csv,datajs_rider_id,general-cancer,product_rider_code,A0103,sticky_guide_bar,helper_text,변동,가장 기본이 되는 진단 특약이라 비교 기준점이 되는 항목,가장 기본이 되는 진단 특약이라 비교 기준점이 되는 항목??.,data.js riders[].helper와 1:1 매핑
rider_helper_normalized.csv,datajs_rider_id,integrated-treatment,product_rider_code,A0201,sticky_guide_bar,helper_text,변동,보장 범위는 넓어 보이지만 1년 한도와 지급 단위를 함께 봐야 하는 항목,보장 범위는 넓어 보이지만 1년 한도와 지급 단위를 함께 봐야 하는 항목??.,data.js riders[].helper와 1:1 매핑
rider_helper_normalized.csv,datajs_rider_id,integrated-treatment-noncovered,product_rider_code,A0202,sticky_guide_bar,helper_text,변동,국민건강보험이 적용되지 않는 치료비 부담을 같이 볼지 결정하는 항목,국민건강보험이 적용되지 않는 치료비 부담을 같이 볼지 결정하는 항목??.,data.js riders[].helper와 1:1 매핑
rider_helper_normalized.csv,datajs_rider_id,direct-treatment,product_rider_code,A0203,sticky_guide_bar,helper_text,변동,직접치료의 뜻이 헷갈릴 때 가장 먼저 멈추기 쉬운 항목,직접치료의 뜻이 헷갈릴 때 가장 먼저 멈추기 쉬운 항목??.,data.js riders[].helper와 1:1 매핑
rider_helper_normalized.csv,datajs_rider_id,small-direct-treatment,product_rider_code,A0204,sticky_guide_bar,helper_text,변동,소액암과 직접치료가 동시에 얽혀 있어 설명 없이는 읽기 어려운 항목,소액암과 직접치료가 동시에 얽혀 있어 설명 없이는 읽기 어려운 항목??.,data.js riders[].helper와 1:1 매핑
rider_helper_normalized.csv,datajs_rider_id,tertiary-treatment,product_rider_code,A0205,sticky_guide_bar,helper_text,변동,병원 범위가 붙는 순간 체감이 달라지는 항목,병원 범위가 붙는 순간 체감이 달라지는 항목??.,data.js riders[].helper와 1:1 매핑
rider_helper_normalized.csv,datajs_rider_id,tertiary-treatment-small,product_rider_code,A0206,sticky_guide_bar,helper_text,변동,병원 조건과 소액암 분류가 함께 들어가 더 헷갈리기 쉬운 항목,병원 조건과 소액암 분류가 함께 들어가 더 헷갈리기 쉬운 항목??.,data.js riders[].helper와 1:1 매핑
rider_helper_normalized.csv,datajs_rider_id,complex-treatment,product_rider_code,A0207,sticky_guide_bar,helper_text,변동,여러 치료가 함께 일어나는 경우를 따로 보는 항목,여러 치료가 함께 일어나는 경우를 따로 보는 항목??.,data.js riders[].helper와 1:1 매핑
rider_helper_normalized.csv,datajs_rider_id,drug-treatment,product_rider_code,A0209,sticky_guide_bar,helper_text,변동,직접치료 전체와 개별 치료 보장 중 어떤 방식인지 살펴보는 항목,직접치료 전체와 개별 치료 보장 중 어떤 방식인지 살펴보는 항목??.,data.js riders[].helper와 1:1 매핑
rider_helper_normalized.csv,datajs_rider_id,radiation-treatment,product_rider_code,A0210,sticky_guide_bar,helper_text,변동,약물치료와 무엇이 다른지 같이 보고 싶은 항목,약물치료와 무엇이 다른지 같이 보고 싶은 항목??.,data.js riders[].helper와 1:1 매핑
rider_helper_normalized.csv,datajs_rider_id,premium-treatment,product_rider_code,A0301,sticky_guide_bar,helper_text,변동,특정 고액 치료를 따로 볼지 판단할 때 비교가 필요한 항목,특정 고액 치료를 따로 볼지 판단할 때 비교가 필요한 항목??.,data.js riders[].helper와 1:1 매핑
